"After weeks of posturing that it was preparing to call a strike by August 31, the Philadelphia Federation of Teachers abruptly rammed through a contract Thursday night. The move was intended to prevent a walkout by 14,000 educators in the nation’s eighth-largest school district."
"According to the union’s own figures, less than half of the membership participated in the rushed online vote. Only 4,000 ballots were cast in favor—barely one quarter of the total membership—yet the PFT declared the agreement ratified."
This sham vote cannot be considered legitimate or binding by teachers. Philadelphia educators must organize themselves to override this sellout and prepare collective action independent of the union’s apparatus.
"The agreement provides a 3 percent wage increase per year, a raise that does not keep pace with inflation in Philadelphia, which is already higher. At the same time, it introduces steep healthcare premium increases for new hires."
"Paid interview time for kindergarten teachers has been eliminated under the contract. Even parental leave provisions will not take effect until next year, underscoring the regressive nature of the deal."
"Over the summer, PFT members had voted by 94 percent to authorize a strike. The union even organized “strike ready” events with sign-making and rallies to project the image of preparing for confrontation."
"The instant the PFT suddenly announced the tentative agreement, its tone changed by 180 degrees. From threatening to strike, the leadership shifted to celebrating a deal that promised “three years of labor peace.”"
"Philadelphia schools face a $300 million deficit, while the Southeastern Pennsylvania Transportation Authority is slashing services under “doomsday” cuts. These austerity measures mirror crises unfolding in every major urban district across the country."
PFT officials used intimidation and manipulation to present the contract as a fait accompli. Teachers reported being told that the union would not call a strike even if members rejected the deal.
The entire “strike ready” campaign was a maneuver to get in front of explosive rank-and-file anger. It functioned as a way to channel discontent back under bureaucratic control rather than unleash a genuine struggle.
"Far from a sign of strength, such maneuvers reflect the profound weakness of the union apparatus. The leadership is terrified of the growing opposition from below, fueled by worsening living and working conditions."
This betrayal in Philadelphia follows the shutdown of the AFSCME municipal strike in July. That strike had disrupted July 4 festivities before being quickly suppressed in collaboration with the city’s Democratic mayor.
"Teachers across the country are entering into struggle, pressing for strike action in California, Chicago, and New York. At the same time, both Democrats and Republicans are accelerating cuts to public education."
"To wage a genuine fight, educators must form independent rank-and-file committees. Such bodies can override undemocratic decisions, assert control over bargaining, and organize strike action outside union control."
"“On Friday, July 4th, floods began to sweep across Texas Hill Country, washing away vacation cabins, youth camps, and campgrounds along the riverbanks and hills of Kerr County—including Camp Mystic, a century-old Christian summer camp for girls.”"
"“At the time of writing, the flash floods have killed at least 135 people. Hill Country is naturally prone to flash flooding due to its dry, compacted soil, which cannot absorb heavy rainfall.”"
"“The Guadalupe River rose 26 feet in just 45 minutes, and recently defunded emergency services were not equipped to respond in time.”"
"“These floods have exposed politicians from both parties—particularly Republicans—and the catastrophic effect of Trump and DOGE’s ruthless cuts to crucial government agencies, such as FEMA.”"
"“Over the last decade, FEMA has sent more than $7 billion in individual and public assistance, yet Governor Abbott is supporting Trump in slashing funding for the agency.”"
"“The Trump administration’s Department of Government Efficiency (DOGE) has also significantly reduced the staff, research capacity, and data-sharing capabilities of NOAA, including its ability to provide accurate weather forecasts.”"
"“At the Austin/San Antonio forecasting office, DOGE’s layoffs included the elimination of a warning coordination meteorologist, a position critical for coordinating communication between forecasters, emergency managers, and the public.”"
"“This downsizing is part of a broader privatization effort to turn public services into profit-making schemes, with companies poised to fill the gap often tied to Trump appointees.”"
"“Places like Texas need massive investment in disaster mitigation, wetlands preservation, stormwater drainage systems, levees, dikes, floodwalls, retention and detention basins, and dams and reservoirs.”"
"“Just 100 companies account for over 70% of industrial greenhouse gas emissions. Republicans like Trump, Ted Cruz, and Governor Abbott deny climate change, but Democrats are also funded by fossil fuel corporations.”"
"“Time and time again, working-class Texans have experienced the failures of this system—most recently during Hurricane Beryl in 2024, and the 2021 winter power crisis that left millions without electricity.”"
"“In a cycle that transformed overnight from predictions of a Democratic bloodbath to widespread Republican despair, the Left has achieved some major victories that shouldn’t be overlooked.”"
"“The major top-line success for the Left this election is the addition of several new insurgent candidates who, like ‘the Squad’ of 2018, were backed by progressive outside groups such as the Working Families Party and Justice Democrats.”"
"“Greg Casar, a three-term Austin City Council member, successfully led the push to raise city workers’ minimum wage, outlaw jobseekers’ criminal history disclosure requirements, and mandate paid sick leave.”"
"“Delia Ramirez in Illinois championed affordable housing, emergency housing assistance, statewide abortion rights, and Medicaid expansion to undocumented immigrants, marking her as a left-wing policymaker with tangible achievements.”"
"“Summer Lee became the first Black woman to represent Pennsylvania in Congress, focusing on eviction moratoriums, police reform, and using her platform to push progressive legislation despite GOP control of the statehouse.”"
"“Senator-elect John Fetterman in Pennsylvania ran a populist campaign, supporting sentencing reform, marijuana legalization, universal health care, a $15 minimum wage, and raising taxes on the wealthy.”"
"“Democratic Socialists of America saw sixteen of its thirty endorsed candidates win, including local officials in Los Angeles, Wisconsin, Colorado, New York, Maryland, and Illinois, focusing on housing, police accountability, and social services.”"
"“Progressive ballot measures saw mixed results, but notable wins included tipped-worker wage reforms in DC, abortion rights protections in Montana and Kentucky, and the Illinois Workers’ Rights Amendment.”"
"“Voters in red states also backed progressive policies: South Dakota approved Medicaid expansion, Nebraska raised its minimum wage to $15, Nevada raised its minimum wage to $12, and recreational marijuana legalization passed in Missouri and Maryland.”"
"“Progressive prosecutors won in multiple jurisdictions, including Polk County, Dallas, San Antonio, Indianapolis, Oklahoma City, and Minneapolis, advancing police accountability and noncarceral approaches for nonviolent offenses.”"
"“Some left-wing victories came at the expense of Palestinian justice, as candidates like Fetterman, Casar, and Frost moderated their positions on Israel to avoid opposition spending from pro-Israel groups.”"
"“With House and Senate Republicans still struggling to find consensus on a budget reconciliation bill extending and expanding Trump-era tax cuts, Representative Jason Smith made a surprising statement on May 4 about eliminating loopholes to help working-class Americans.”"
"“Smith said, ‘There’s no problem to eliminate loopholes that the wealthy have benefited from to make sure that working-class Americans aren’t paying taxes on tips, seniors are having reduced taxes on their Social Security, and we’re not paying taxes on overtime.’”"
"“Senior Trump administration officials remain interested in a variety of tax provisions, including potential rate increases for wealthy Americans, despite Trump’s past opposition to such hikes.”"
"“Whether Republicans will support higher taxes on the wealthy remains uncertain, with House Speaker Mike Johnson continuing to oppose them, while some populist figures like Vice President J.D. Vance back selective increases.”"
"“Smith’s framing is populist, designed to deflect Democratic criticism that GOP tax bills favor millionaires, echoing Steve Bannon’s advice that taxing the wealthy politically undercuts Democratic messaging.”"
"“A tax bill that increases taxes on the wealthy while reducing them for working-class households would resemble a Democratic approach more than a traditional Republican one, leaving Democrats without their usual critiques.”"
"“The distribution of benefits matters: eliminating taxes on tips, Social Security, and overtime primarily helps upper-middle-class households, with lower-income households gaining relatively little due to the progressive tax structure.”"
"“Estimates show that in 2026, removing Social Security taxes would give the bottom 20 percent $0, the next-lowest quintile $15, and the top one percent $2,205, with the top 0.1 percent getting $2,450.”"
"“Overtime and tip exemptions similarly favor higher earners: the bottom 20 percent might receive $10 (overtime) and $730 (tips), while the top 20 percent could see $1,480 and $7,170, respectively.”"
"“Trump’s regressive tariffs could offset any working-class gains from the tax changes, as consumer costs on goods increase regardless of income bracket.”"
"“Smith emphasized urgency, warning that failure to pass the bill could mean a 22 percent tax increase for all Americans, highlighting the political pressure to reach a compromise.”"
"“Negotiations remain fragile, balancing demands for severe spending cuts from fiscal hawks with swing-district political concerns, making the final impact on wealthy taxpayers dependent on the bill’s fine print.”"
"“The Democratic Party’s standing in public opinion polls has sunk to its lowest point in more than 30 years. Many of the party’s own voters think their leaders aren’t fighting hard enough against President Trump. In one survey, the words they used most often were ‘weak’ and ‘tepid.’”"
"“‘The party is in shambles,’ said James Carville, the political strategist who helped Bill Clinton win the White House after a similar bout of disarray a generation ago.”"
"“Its brand is still unpopular, but its chances of winning next year’s congressional elections appear to be growing; in recent polls, the share of voters saying they plan to vote Democratic has reached a roughly 5% lead over the GOP.”"
"“‘There’s no requirement that people love the Democratic Party in order to vote for it,’ Republican pollster Patrick Ruffini said last week. ‘In an era of negative partisanship, people are motivated to vote more by dislike of the other party than by love for their own.’”"
"“‘The talent level in the current Democratic Party is the highest I’ve ever seen,’ he said. ‘Whoever comes out on top of that competition is going to be a pretty strong candidate.’”"
"“For one, Trump has pressed Texas and other Republican-led states to redraw congressional maps to cement GOP control of the House of Representatives — an effort that could succeed despite Newsom’s attempt to counter it in California.”"
"“‘We have to do well in 2026 to demonstrate we’re not so toxic that people won’t vote for us anymore,’ said Doug Sosnik, another former Clinton aide.”"
"“‘We’ve found our footing. We’ve gone on the offensive,’ argued Rep. Ro Khanna (D-Fremont), who spent most of the summer campaigning across the country. ‘Trump’s cuts to Medicaid and tax breaks for billionaires have given us a message we can unite around.’”"
"“‘The most important task of the Democratic Party is to organize … the most robust debate Democrats have had in a generation,’ said William A. Galston of the Brookings Institution, a former Clinton aide who argues that the party needs to move to the center.”"
"“Most Democrats also agree that they need to focus on a positive message on economic issues such as the cost of living — to use this year’s buzzword, ‘affordability.’ But they differ on the specifics.”"
"“Progressives like Sen. Bernie Sanders (I-Vt.) and Rep. Alexandria Ocasio-Cortez (D-N.Y.) have focused on ‘fighting oligarchy,’ including higher taxes on the wealthy and government-run health insurance.”"
“A sharper debate has opened over social and cultural issues: Should Democrats break with the identity politics — the stuff Republicans deride as ‘woke’ — that animates much of their progressive wing? Moderate Democrats argue that ‘wokeness’ has alienated voters in the center and made it impossible to win presidential elections.”
"“Pre-K-12 teachers made up 3.4% of the workforce in 2024, according to the Bureau of Labor Statistics. Demographically, teachers are more likely to be white, a woman, and in their 40s.”"
"“In 2022, teachers ages 30 to 49 made up over half the teaching workforce. Teachers in their 40s made up most of the teaching pool (26.1%), followed closely by those in their 30s at 25.4%.”"
"“Teachers in their 50s (20.4%) outnumbered those in their 20s (18.4%). Those 60 and older were 9.7% of teachers, the smallest age group.”"
"“In 2022, just over seven in 10 teachers (71.7%) were white. Hispanic teachers made up 11.6% of the workforce, and Black teachers were 9.4%. The remaining 7.3% included teachers of two or more races, Asians, and other groups.”"
"“White and multiracial teachers are represented disproportionately, comprising a larger share of the teaching workforce than of the general population. Hispanic, Black, Asian, Native American, and Pacific Islander teachers made up smaller shares.”"
"“As of 2024, around 70% of teachers in pre-K through secondary schools were white. Secondary schools had the biggest share of white teachers, with 86.2%. Black and Hispanic teachers were most represented in preschool and kindergarten.”"
"“White teachers made up a smaller share of educators in preschools and kindergartens (69.1%). Black teachers and Hispanic teachers were least represented in secondary schools, and Asian teachers in special education.”"
"“Among teachers working in elementary, middle, and high schools, annual pay varies by the grade level taught.”"
"“In 2022, nearly eight in 10 teachers at all levels—pre-K through 12th grade and special education—were women. Women are much more represented in education than in the workforce generally, where they were 46.8% that same year.”"
"“The share of male teachers increases as student age rises. At the earliest levels of education, preschool and kindergarten, 2.5% of teachers were men. This rose to nearly 20% in elementary and middle school, and just over 40% in secondary school.”"
“Two attorneys who defended the Riverside County couple who made worldwide headlines after being accused of neglecting and abusing 12 of their 13 children are now heading up the defense of a different county couple who have received similar attention in a case in which the husband and wife are accused of killing their missing 7-month-old son.”
"“The Haros are due at the Riverside County Hall of Justice in Riverside on Sept. 4 to enter pleas to charges of murder and filing a false police report. Emmanuel remained missing on Friday, Aug. 29, the San Bernardino County Sheriff’s Department said.”"
“Rebecca Haro told investigators that a man knocked her unconscious as she changed Emmanuel’s diaper and snatched the boy in the parking lot of a Big 5 on Aug. 14. The couple pleaded for the boy’s return during media interviews. Prosecutors say it was all a hoax and that they believe Emmanuel died from long-term abuse.”
"“The parents of a 7-month-old baby who was allegedly kidnapped as his mum changed his nappy in the US have been charged with the little boy’s murder,” the Sydney, Australia-based News.com.au website reported. on Thursday."
"“David and Louise Turpin of Perris received similar coverage of their case, which began with the filing of 88 charges each against them. Allison Lowe and David Macher from the Riverside County Public Defender’s Office represented David Turpin, and court-appointed attorney Jeff Moore from the Blumenthal & Moore law offices in Riverside represented Louise Turpin.”"
“The Turpins each eventually pleaded guilty to 14 felony charges and were sentenced to 25 years to life in state prison in 2019.”
“Lowe and Paulette Garthwaite are heading Jake Haro’s defense team. Moore is representing Rebecca Haro. All three have at least 20 years of trial experience.”
"“‘Everybody involved is excellent,’ Graham Donath, president of the Riverside County Criminal Defense Bar Association, said Friday. Donath said he has known all three for years. ‘Every person has handled very serious, high-profile cases, handled serious homicides.’”"
"“Assistant District Attorney Brandon Smith has tried almost every type of case — more than 100 in all — in his 20-plus years at the DA’s Office, said John Hall, a spokesman for DA Mike Hestrin. Those include cases brought forth by the Sexual Assault & Trial Abuse, Gang and Homicide units.”"
"“In the Turpin case, Facebook groups sprang up in which followers of the drama — including many people from outside the United States — freely offered opinions about the couple’s culpability, David’s haircut and the children.”"
"“But amateur sleuths, armed with cell phone cameras, TikTok accounts and a love of juicy rumors with little appetite to confirm them, have taken the social media interest in the Haros and little Emmanuel to an exponentially higher level. Other posts hurl venom at the Haros.”"
"“A Canadian Muslim convert, Abdul Aziz Qawam, attacked a man with a knife at a bus stop after asking if he was Muslim and receiving a ‘no.’ Qawam then boarded a bus and attempted to slash the victim’s throat, injuring his vocal cords.”"
"“Qawam had pledged allegiance to ISIS and had radicalization videos on his computer, having been searching for non-Muslims to kill for the terror group.”"
"“This incident highlights a growing issue of radicalization in Canada, with concerns raised about the lack of government action against groups like the IRGC and ‘hate speech’ in mosques.”"
“There are instances of individuals with ties to terrorism being granted Canadian citizenship.”
"“The speakers expressed outrage at the mainstream media’s lack of attention to such incidents, contrasting it with the extensive coverage that would occur if the perpetrator were a ‘white supremacist.’”"
"“They believe Canadians are becoming desensitized to violence, which is occurring more frequently in public spaces, leading to a focus on self-defence.”"
"“The speakers also note a decline in safety in Canada over the past decade, particularly in areas like Surrey, and warn about the dangers of radicalization targeting youth.”"
“They conclude by noting that this type of attack (asking if someone is Muslim and then attacking them) has happened before.”
“Authorities are misdirecting public attention by labeling ‘traditional views’ as the new extremism.”
“This case has renewed calls for stronger measures against radicalization and greater scrutiny of extremist influences within Canada.”
"You won’t hear it from the corporate media, but former Vice President Kamala Harris has already had a longer Secret Service detail than other former vice presidents. President Donald Trump ended that on Friday before she could leech more American taxpayer dollars on a multi-city book tour to talk about her failed presidential campaign."
"Former vice presidents are entitled to six months of Secret Service protection after they leave office. For Harris’ husband, Doug Emhoff, that ended July 21 just like hers was supposed to. But former President Joe Biden (or an autopen) quietly signed an order extending Harris’ detail to 18 months, for reasons unknown."
"“You are hereby authorized to discontinue any security-related procedures previously authorized by Executive Memorandum, beyond those required by law, for the following individual, effective September 1, 2025: Former Vice President Kamala D. Harris,” Trump’s directive states."
"Trump reestablished the statutory norm under the Former Vice Presidents Act of 2008, more than a month after her detail should have stopped, but Democrats and their accomplices in the propaganda press want Americans to believe it was done out of vengeance."
"“This is another act of revenge following a long list of political retaliation in the form of firings, the revoking of security clearances and more,” communist Los Angeles Mayor Karen Bass told CNN. “This puts the former Vice President in danger and I look forward to working with the Governor to make sure Vice President Harris is safe in Los Angeles.”"
"Clearly no more danger than former vice presidents Mike Pence, Dick Cheney, or, yes, even Joe Biden were in after their terms expired. She, like them, will no longer receive 24/7 personal security, security at her home, or threat analysis for online threats from the Secret Service."
"But according to one MSNBC commentator, “It is retributive,” and Trump made the move “just because he doesn’t like Vice President Kamala Harris.”"
"“It speaks to how Donald Trump operates. He use the government to deal with his own personal animosity with people,” the commentator said."
"But the thrust of Trump’s move is that Harris is not some select, special former vice president. And although CNN is worried “the cost of mounting any similar level of protection privately would be expensive, possibly going into the millions of dollars annually,” perhaps she can hire private security, if she needs it, like everyone else in her position has the opportunity to do — paid for by book proceeds or her substantial net worth, not the American people."
"CNN wants Americans to believe that maybe Harris should be treated as an exception to the rule because she is black or a female, writing, “Harris, according to people familiar with her security operations, faced particular security concerns given that she was the first woman and first Black woman in the role.”"
"Bob Salladay, a spokesman for Gov. Gavin Newsom, D-Calif., added highly exaggerated fuel to the fire, telling CNN that “the safety of our public officials should never be subject to erratic, vindictive political impulses.”"
"NBC echoed CNN’s hysteria: “The decision, first reported by CNN, is among a number of actions Trump and his administration have taken to target people who worked for the Biden administration.”"
“Johnson wasn’t protesting; he was declaring war against the forces of an evil he believed would lead his city to ruin.”
"“What he can do, however, is instruct his department not to patrol with them, not to make arrests, and definitely not to make it appear as though they’re working together.”"
"“Johnson also ordered city officers to wear uniforms, including visible identification, while ‘urging’ federal agents to do the same, but without a means to enforce it.”"
"“In Washington, downtown streets were cleared, businesses were reopened, and residents reported they felt safe for the first time in years.”"
"“That success has become the backdrop for Chicago, where shootings and carjackings plague neighborhoods. The president’s team argues it’s a successful philosophy.”"
"“Despite all the noise he’s making, it doesn’t disguise the fact that federal agents are working in Chicago; whether it’s the FBI, DEA, or ICE, they don’t need permission from City Hall to fulfill their duties.”"
"“Legal experts reviewing Johnson’s EO quickly called it largely symbolic. Any mayor has authority over his officers, but that command ends with federal agencies.”"
“Parents everywhere know that symbolism doesn’t stop bullets and that executive orders don’t provide reassurance alongside gravesites.”
"“When the dust settles, it’s not about legal footnotes or executive orders. The only judge that matters is results, regardless of where they come from, City Hall or Washington.”"
"“For people who just want to take their kids to the park, walk to church, or sit on their porch without worrying about random gunfire, constitutional boundaries don’t matter.”"
"“The only difference between a protester’s sign and Mayor Johnson’s executive order is the amount of ink used on the substrate. Johnson’s order is simply a protest in ink, not a barrier in reality.”"
“What it boils down to is that the true measure isn’t a signed EO or protest speeches from the mayor; it’s whether Chicagoans are safe on their streets.”
"The whole plandemic was mighty convincing, especially since nobody had ever experienced anything like the control-tripping governments around the world using the same script, the same mandates, the same fear-mongering press script, and the same talking heads to convince everyone they could to get the deadliest vaccines ever made. Now it’s all coming out, including the natural origin theory of the Wuhan lab virus creation and leak. Just like truth media said all along."
"A growing body of whistleblower testimony and declassified documents suggests senior U.S. intelligence officials deliberately suppressed early evidence pointing to a lab leak as the origin of COVID-19, while Anthony Fauci and his network of scientific allies steered the public narrative toward a natural origin theory. A recent Daily Caller News Foundation investigation reveals how political considerations, financial ties, and bureaucratic maneuvering sidelined agency scientists and shaped the global pandemic response."
"Suppressed intelligence: Whistleblowers revealed that senior U.S. intelligence officials withheld classified evidence — including 2019 CCP communications and genetic data — that pointed to a Wuhan lab leak, preventing President Trump from seeing it while Fauci’s inner circle shaped the narrative."
"Fauci’s influence: Despite attending 16 National Security Council meetings, Fauci never raised Wuhan concerns publicly, while documents like the “DEFUSE” proposal and scientists’ private doubts about a lab leak were buried in favor of public claims of a natural origin."
"Blocked scientific dissent: Analysts at the National Medical Intelligence Center and DOE who saw lab-engineering signatures were silenced, while Fauci-linked scientists pushed the “Proximal Origin” paper to dismiss lab leak theories, echoed in ODNI and media statements."
"Transparency battle: Former intelligence leaders like John Ratcliffe and Robert Redfield argue that political pressure and Fauci’s network suppressed the truth, while agencies like the FBI and DOE eventually concluded independently that a lab leak was the most likely cause."
"Whistleblowers: Fauci and intelligence officials deliberately suppressed early COVID lab leak evidence. Signals intelligence from late 2019 reportedly captured urgent communications between Chinese Communist Party officials in Beijing and Wuhan, coinciding with unusual activity at the Wuhan Institute of Virology."
"U.S. scientists who decoded early genetic sequences also flagged unusual features consistent with laboratory manipulation. However, this intelligence was never provided to then-President Donald Trump. Instead, assessments were filtered through Fauci’s circle, which pushed the narrative that COVID was most likely natural in origin."
Fauci participated in at least 16 National Security Council meetings during the early months of 2020 but did not raise concerns about Wuhan labs despite privately acknowledging doubts. Former CDC Director Robert Redfield later said the real conspiracy was “the decision to suppress that information from the American public.”
"Documents like the 2018 “DEFUSE” proposal — which described coronavirus engineering research in Wuhan — were excluded from intelligence summaries. Meanwhile, key scientists with ties to Fauci, including Kristian Andersen and James Le Duc, privately admitted the plausibility of a lab escape even as they publicly dismissed it in influential papers."
"Despite mounting evidence, the Office of the Director of National Intelligence (ODNI) released an April 30, 2020 statement asserting a “wide scientific consensus” against genetic modification, a position aligned with Fauci-backed advisors. That same day, The New York Times framed Trump administration officials as “conclusion shopping,” reinforcing the perception that lab leak theories were politically motivated rather than evidence-based."