Headline 1,Headline 2,Direction
WTF? Princeton Professor Profoundly Offended By Intellectuals,WATCH: Princeton Professor Profoundly Offended By Intellectuals,1
Stupid Law Says No Gay Marriage? Google Says Challenge Accepted.,WATCH: Laughable Law Says No Gay Marriage? Google Says Challenge Accepted.,1
A Chart That's Giving Harsh Realities About Vaccinations,A Chart That's Giveing Harsh Realities About Vaccinations,1
"When this deaf woman went to Starbucks, she got a lot more than a tasty Frappuccino.",What's it like to be deaf in a world of 'hearing people?' Let her tell you.,1
"If you're not sure what to say to someone who's experienced something horrible, start here.",There are some great lessons about how to treat victims hiding in Law & Order SVU.,1
"I don’t love to paint murals, but it probably beats the heck out of violating probation.",What happens when teens from one of the toughest neighborhoods in NY come together through art?,1
It looks like a love triangle at first. Then comes the twist — and it's adorable.,3 men try to win her heart. But she's got eyes for someone else.,1
A charity put her face on a poster and told all of London her secret. How would you have handled it?,They outed her without her permission but it changed her life in a great way.,1
She says this superhero has a mental illness and I agree.,Batman has PTSD but no one is calling him 'crazy'. What gives?,1
This test will tell you whether you're prejudiced without knowing it. I dare you to take it.,Whether' and 'how' is not the right question. The important question is 'why'.,1
A 1-minute video for any kid you know who may be depressed,It's hard enough being a teenager. Depression doesn't help.,1
This test will tell you whether you're prejudiced without knowing it. I dare you to take it.,This test will tell you whether you're sexist without knowing it. I dare you to take it.,1
A commercial that was pulled in America. It's time to change the tide.,They're afraid to air it in the U.S. But I think it's a changing Tide,1
"Everyone seemed to love him, but 3 men killed him. Let's remember why we fight for equality.",Matt Shepard was a friend of mine - a documentary about 1 hate crime,1
"She met her husband in 3rd grade. 15 years later, she interviews her old teacher, but it's so sad.",She interviewed her 3rd grade teacher just a few months before the tragedy. Heartbreaking.,1
"2000 were killed, hundreds are missing, and some were made slaves, but we stay quiet","The more we ignore what's going on in Nigeria, the bigger the problem gets",1
"She met her husband in 3rd grade. 15 years later, she interviews her old teacher, but it's so sad.",She interviewed her 3rd grade teacher just a few months before the tragedy. Heartbreaking.,1
She taught them both in 3rd grade. After they got married one of them interviews her. It's so sad.,One of the 3 students killed in North Carolina made a heartbreaking recording just a few months ago.,1
An 81-year-old Supreme Court justice just gave the most badass answer to a ridiculous question.,A Supreme Court justice gets asked about women in the Supreme Court. She crushes.,1
"It’s meant as a compliment, but what it really says is, ‘You don't fit in.’","The friend thinks it’s nice, but it sounds just like ‘You don't fit in’ to the teen hearing it.",1
"In every shot, only 1 word changes. But that word makes all the difference.",The first 30 seconds show how hard it can be to be a kid. The last 30 are why you shouldn't give up.,1
A dog on the verge of death meets a prisoner with no hope,They're taking them out of prison and sending them right back in. And I'm 100% on board.,1
She made a cool invention. Now she's using it to save 12 million people.,Know someone going to Sao Paolo for vacation? Here's a 2-minute primer for them.,1
"The video went viral, but did people miss what was so great about it?","Sometimes calling something ""pet"" or ""wild"" just doesn't capture the beauty of a relationship.",1
People who work for McDonald’s aren’t 'Lovin’ it.' So they asked the company some questions.,"One of the best policies for companies on Facebook is to engage with fans. Well, most of them, anyway.",1
The long showers you like to take are not the *real* problem.,Getting people water to survive takes more than a shorter shower,1
Meet the concerned mom who doesn't think kids need sex-ed. Then watch the Daily Show laugh at her.,These Vegas students want education but one mom thinks they're full of it,1
The way this married host acted around Kate Upton shows the sad state of respecting women.,The fact that this specialty magazine is still a thing shows how sexist America still is.,1
He's moving his prosthetics with his mind?! We're living in the future.,The double amputee who's made history just by thinking about moving his arms,1
Meet the concerned mom who doesn't think kids need sex-ed. Then watch the Daily Show laugh at her.,"She doesn't think kids need sex-ed, and that's why the Daily Show is laughing at her",1
"It has a 1-word chorus, but it may be the most glorious Oscar-nominated song of the last 10 years.","It has a 1-word chorus, but it may be the most necessary Oscar-nominated song of the last 10 years.",1
His best friend's was killed by his own mother. Here's how he looks at it.,See how one guy dealt with his best friend being stabbed to death.,1
"A cartoon about catcalling from the man's perspective is totally disturbing, and that's the point.",The unfortunate thing is that the punchline is something women are actually saying every day.,1
An embarrassing dad made his kid's birthday party awful. And set public health back 100 years.,Your anti-vaccination deal is hurting poor people. Just thought you'd like to know.,1
This guy gained two fully functional arms thanks to the big brains of SCIENCE.,He's able to control his new arms just like his old arms. With his mind.,1
What would happen if FOX news asked Walmart the tough questions?,The unlikely company that's banking off government handouts should be FOX's next target,1
She came up with an invention to save 12 million people. Genius? Kinda.,"She got people to drink water previously infested with mosquitoes, and it's kinda amazing how.",1
The Catholic Church is trying to solve this problem. So should we.,It's hard to think we're running out of water when we're swimming in it halfway around the world.,1
Fox News finally went off on Walmart for their shady practices. PSYCH.,Here's what it would look like if an obnoxious TV anchor's questions were pointed in the right direction.,1
A famous athlete tattooed 50 names on his body for a sad reason. Showing them got him suspended.,"His name is Zlatan Ibrahimović. When you see him, he wants you to think of 805 million people.",1
"The next time you ask someone to pass the guacamole, remember what he says.","After you hear what he has to say, you will probably never ask for guacamole the same way again.",1
"A before and after shot that didn't change the man, but it will probably change the way you see him","He stayed the same, but my perception changed. 1 easy way to help someone.",1
A popular TV show from the 70s was one of the first to brilliantly call out unfair pay for women.,"In the 1970s, the 'Batman' TV show and the :abor Department teamed up to beat an evil foe.",1
Here is the smartest money move we could make. How dumb is it that we're not?,Some say they're against abortion. Then why aren't they all for funding contraceptives?,1
I've been waiting to hear a message like this from an elected official since my kids were little.,"From daycare rates many can't afford to unfair pay, President Obama lays out how women get robbed",1
The #1 huge thing we're all missing when we try to be environmentally friendly.,"If we're only thinking of sustainability in terms of packaging and recycling, we're doing it wrong.",1
Protein shakes aren't as harmless as you might think. Just take a look at these men.,"Some protein shakes aren't as harmless as you might think. Thankfully, there are alternatives.",1
He is black. He is privileged. And all of that concerns his parents.,"To be privileged is one thing, but to be black and privileged is what concerns his parents.",1
These racist idiots spray-painted a swastika on the dumbest/best location possible.,These idiots spray-painted a swastika on the dumbest location possible.,1
How 1 haircut and a before and after photo may change everything for people,"They became emotional when their 'before and after'. I admit it, I did too.",1
"Call her dark, call her skinny, call her beautiful, just don’t ever call her Iman","She believes we’re conditioned to be afraid. So her motto, naturally, is 'F*ck fear'.",1
Short-shorts and high kicks meet super advanced science degrees. Surprised? You shouldn't be.,They're here. They cheer. They're scientists.,1
These raw words from the past are still gut-wrenching. And still true.,"Justice was upside-down, and we still don’t seem to know which way is up.",1
"This kid's dad is just as bad as the bullies at school, until makes me smile at the end.","A dad won't let his child wear a dress to school, but then he changes his mind and it's fantastic.",1
Listen to the parts they've auditioned for and try not to say 'WTF?',Numbers don't lie. Hollywood would make even more money if they just lost the stereotypes.,1
"For every dollar we spend on it, we get $4 back. Magic? Nope. Just smart money.","The surprising pill that could mean extra money for our school system. Yes, really.",1
Why the millennials of the world could be the key to ending shame about mental illness.,"3 major reasons to start talking about mental health. Like, now.",1
"The bully punches him in the face. Later, he follows the bully home, and that's where he sees it.","The bully punches him in the face. Later, he follows the bully home, and it all suddenly makes sense",1
An actress decided to do something about the stigma of mental illness.,Why the millennials of the world could be the key to ending shame about mental illness.,1
"An actress was told to bring an “easy access skirt” to a casting. Well, dang.",Actresses are asked to bring “easy access skirts” to a casting. WTF?! *Facepalm*,1
"If you look at her hands, you'll see her struggles. Literally.",Here's a place south of the Sahara where getting water can kill you,1
2 trans men made a very clear point with their very pointed photo shoot.,A transitioning male reproduced Adam Levine's nearly nude photo to prove a point. It worked.,1
2 trans men make a very clear point with this  revealing photo shoot.,2 trans men made a very clear point with their very pointed photo shoot.,1
A transitioning male reproduced Adam Levine's nearly nude photo to prove a point. It worked.,2 trans men made a very clear point with their very pointed photo shoot.,1
"When people say his TV show’s racist, he’s like, ‘I don’t know if you know any of us.’",He started a blog about what an American Asian’s allowed to be. Now he’s got a hit show.,1
School is not going so well. Here's a cheap and easy way to fix it ... that teachers will love.,Teachers are working hard. Why does every education improvement seem to make their job harder?,1
"I thought Alan Cumming had lost his mind, then I watched the video and was so wrong.","Stop having sex today, and the FDA will let you give blood next year. #celibacychallenge,",1
A rare behind the curtain look at acting that's less glam and more racist.,A short film devoid of white people? Don't celebrate just yet.,1
Dad took blood samples at his kid's birthday party. And that's not the worst part.,"I had some weird birthday parties, but none that started an outbreak of an ""eradicated"" disease.",1
"Her story is pretty funny, but the lesson at the end will change the way you think about blaming.",A funny-but-true lesson on why we seek to blame when things don't go right,1
8 love letters to survivors of sexual violence. The one from the dad made me cry.,The beautiful love letters survivors of sexual violence wrote to themselves.,1
Ever heard of ‘Right-To-Work’? About that …,How would you like to make $1500 less a year than somebody else doing the exact same job?,1
The big problem at the Oscars that got these 3 women singing,"26 directors, screenwriters, and camera-folks have Oscar nominations. None of them are women.",1
"Teens always think they know more than their parents. About this, they probably do.",Remember how you felt about yourself as a teen? Now imagine the internet voting on it.,1
He was right about the cops 50 years ago. We didn't listen.,The dug up a video of his speech from 50 years ago. It could have been given yesterday. Eerie.,1
"Ever heard of ‘Right-To-Work’? Well, about that …",Ever heard of ‘Right-To-Work’? Ahem ...,1
It was a normal day until their family dressed as homeless people to prove a point,A social experiment to see what would happen when family members became 'homeless',1
It was a normal day until their family dressed as homeless people to prove a point,They ignore their family and get a lesson about being homeless,1
The dug up a Malcolm X speech that predicted so much of what's going on today. Creepy.,He was right about the cops 50 years ago. We didn't listen.,1
They dug up a Malcolm X speech that predicted so much of what's going on today. Creepy.,Malcolm X was right about the cops 50 years ago. We didn't listen.,1
"Teens always think they know more than their parents. About this, they probably do.",Getting through high school is as much about who you Like as who you like.,1
He put these inmates in a room with nothing but a camera and asked them to talk about their crimes.,He put inmates in a room with nothing but a camera and asked them to talk about their crimes.,1
"If you think the Oscars are racist, you should read this. Same if you don't.","What 1 year of watching media does to our children, and how the Oscars can help",1
"These parents were expecting a cute musical, instead they're rethinking what they pack for lunch",Old MacDonald had a farm and treated his animals and crops like crap,1
"At the end, the camera zooms out and you see what these kids painted. Incredible.",This one time on probation... All these people got together and transformed a community.,1
"A pole-dancing video so beautiful, my hair stood on end",Many people deal with trauma. Some heal it through pole-dancing.,1
"If you don't think the Oscars are racist, you should read this. Same if you do.",Dear Oscars: It's time for an intervention about that race problem. It's going to be OK.,1
"If you don't think the Oscars are racist, you should read this. Same if you do.",How to get some actual diversity in the Oscars,1
"Where do ideas come from? Replace that ""lightbulb moment"" with turtles cuddling.",Where do good ideas come from?,1
Dear Oscars: It's time for an intervention about your little problem.,Dear Oscars: Can we talk about your little race problem?,1
The stuff about the Oscars and race you probably hadn't considered. And really should.,"Whatever you think about the Oscars and race, you should probably learn this stuff.",1
It's a song that every 1st grader knows. But it has a dark secret.,The first part these kids act out is cringe-worthy. The second makes it all better.,1
Watch these kids shut down a problem that grown ups have been trying to solve for centuries.,Hunger is a worldwide problem. What if the solution is simple?,1
A white TV news anchor from Texas smacks down a group of racist sports fans so perfectly,They claimed the racist signs were an accident. He doesn't buy it for 1 second.,1
"Their parents expected a cute musical, but the cows had everyone cringing","They expected a cute performance, but what they got was a compelling case for better food.",1
Things are happening behind closed doors and you might want to know about them.,"What's happening with our prisons is probably not what you're concerned about, but it should be",1
The kids aren't all right. 8 photos show you why.,The kids aren't all right. 8 photographers share their takes on children in a whole new world.,1
Bill Gates has a Utopian dream. Watch this guy grill him about it.,Money can't buy happiness? Bill Gates respectfully disagrees.,1
"If the way women are treated around the world keeps you up at night, you want to meet these people.","Turning oppression into opportunity for women worldwide? All right, I’m listening…",1
"I'm so tired of hearing people fight over a bunch of pipe, but Obama's latest move got my attention.","If you're ready for our country to try a new way of doing business, you'll be so happy for the news.",1
"I'm so tired of hearing people fight over a bunch of pipe, but Obama's latest move got my attention.","Obama's come out swinging. If he'd acted like this before, where would we be?",1
This is truly one of the most innovative ways to use technology to help people.,What if you could help blind people see? You can.,1
One guy reaches out and grabs her arm. The other makes a split-second decision.,He says 16 words about sexual assault that might change everything you think.,1
"It's like that flashlight app on your phone, but for blind people.",What if you could help a blind person 'see' when they need it most?,1
What if you could help blind people see? You can.,Blind folks can do many things that those of us with sight can. But we can help them do more.,1
The president has a superpower he uses only when he absolutely has to. He just had to.,"Obama has wielded this superpower only 3 times, and lots of people are pretty happy he just did.",1
"Say what you will about Sean Penn. OK, now listen to this guy talk about race.",The assumption that good people make about injustice that makes everything worse.,1
Here’s a paycheck for a McDonald’s worker. I can't even.,When my father-in-law talks about 'spending wisely' when working for peanuts ... He has no idea.,1
"A mom who loved her son rejected him when she learned he as gay. That’s not how it ends, though.","After so much pain, he finally got the call he desperately wanted: His mom told him to come home.",1
"100 years ago, people were eating things that most of us will never taste.",Nearly 75% of our crops have vanished in the last 100 years. Where the heck did they go?,1
"There are people pretending to be scientists on TV, and their 'facts' could be harming our health.","The lab coat guy sounds pretty legit, but really? He's just scaring you into doing what he wants.",1
"Their name is Jacob, and here is their story. Yes, *theirs*.","Their name is Jacob, and here is their story.",1
Feeling down from crappy news? Here's a quick pick-me-up.,"There's a lot to be happy about. For example, polar bears.",1
How many of us can say a photograph changed our lives? She's can. And she's only 10.,Meet the 10-year-old who's turning her lemonade stand into a multi-million-dollar business.,1
One guy reaches out and grabs her arm. The other makes a split-second decision.,One guy reaches and grabs her arm. The other makes a split-second decision that changes everything.,1
"He wanted to challenge what people saw when they looked at him. Clearly, his getup did the trick.","One kid tells him he's 'too skinny to be Captain America.' And yet, he is Captain America.",1
In 90 seconds this politician shuts down any debate over girls rights to an education.,Nothing is lost in translation here.  Denying girls an education is wrong in every language.,1
"New studies of musicians are revealing amazing things about brains. Even, um, normal ones.","Here’s why scientists think playing music works a brain like nothing else. Oh, and also, yipes!",1
See what happened in a country that didn't put extreme anti-choice lawmakers in check. It's scary.,Are women the only ones who suffer when laws restrict their own family planning? Not by a long shot.,1
"Here’s a McDonald’s employee paycheck, and here’s my jaw dropping to the floor.",Here’s a paycheck for a McDonald’s worker. Here’s my jaw dropping to the floor.,1
A terrible thing happened to this 20-year-old woman. They're trying to let the whole world to know.,A terrible thing happened to this 20-year-old woman. Their wearing skirts to tell the world.,1
"This video wants to thank you, me, and all of us for saving Earth.",It's okay to pat ourselves on the back. Especially when we accomplished everything in this video.,1
Watch a feminist comedian perform the most equality-driven striptease I've ever seen.,A feminist comedian performs burlesque for equality. (Hint: not your average striptease).,1
"If you’re trying to find a career you'd actually enjoy, boy, is this for you.",Doing something you give a rat’s @#$ about every day is no fun. But how do know what you WANT to do?,1
23 people a day die from this illness. But insurance companies don't really care.,Insurance companies refuse to help people with eating disorders. This survivor thinks they should.,1
Watch how fast one politician slams the door on any debate over girls rights to an education.,In 90 seconds one politician shuts down any debate over girls rights to an education.,1
"I thought I wanted a baby someday, but after watching this ... yikes.",So maybe being a parent isn't all giggles and fun. It looks impossible.,1
This is a game-changer for the blind. And you (and your smartphone!) can help.,"It's like a GPS, a magnifying glass, and a flashlight. For the blind.",1
Fast forward through her life for the awful ending. Then do it again to see something amazing.,Fast forward through her life for the awful ending. Then do it again to see the potential.,1
"Got a 3rd grader? Guess what you're doing next year, thanks to President Obama.",President Obama has a gift for a quarter million 10-year-olds.,1
"All the embarrassing things a dad can say to his daughter, corrected.","A dad writes a problematic letter to his unborn daughter, then fixes it",1
Real doctors show us just how fed up they are on Jimmy Kimmel's late night show,Real doctors sound off on the vaccine debate on late night TV. It's golden.,1
Some of these college women were raped before classes even started,Why do so many colleges not help rape victims? The reason: Money.,1
How should a restaurant deal with homeless people looking for a bite? This works.,This Philadelphia pizza parlor found a scrumdiddlyumptious way to show its 'brotherly love.',1
A writer has had enough of when men do this totally unwelcome and offensive thing.,It's time we talk about the way 'men being men' makes it harder for a woman ... to be.,1
Here’s why scientists believe learning to play music works a brain like nothing else. P.S. Yipes.,Ever wonder why musicians are so intense? They throw parties in their brains.,1
Here’s why playing music does things to a brain that nothing else does. Spoiler alert: Yipes!,Here’s why scientists believe learning to play music works a brain like nothing else. P.S. Yipes.,1
Listen to this 2-minute reality check about what you have to offer.,A solid reality check about your place in the world.,1
I wanted to know how and when cops decide to kill someone. Now I understand...kind of.,"This just in: The police have a hard job - and very, very vague rules.",1
The must-see video burning up the Internet in China right now might help millions breathe easier,The game-changing documentary that's rocking China right now started with her unborn baby's tumor.,1
"When phones can act like eyes, have we reached a new level of amazing?",What if the ability to see could be crowd-sourced?,1
Oh look. John Oliver takes yet another boring topic and makes it grade-A hilarious.,"There are 70,000 bridges in America that are 'structurally deficient.' Some really big ones too.",1
She asks the little girl 3 questions about her life. Her answers are pretty devastating.,She made a 2-hour documentary about an important issue. These 3 images drive the point home.,1
"When she decided to have an abortion, her mother didn't stop her. The reason why makes sense.",Some demand that women who've had abortions show remorse. But what about when they don't regret it?,1
This is how you win an argument about climate change.,"When climate change came up over dinner, things went sideways fast.",1
"Everyone waited for it to be taken down. 150 million views later, it's still up. Watch it here.",Why the creator of this almost-censored Chinese video can't breathe easy just yet.,1
São Paulo sounds like a city of dreams. Until I saw the reservoir.,How São Paulo will collapse if it won't act on this water problem soon,1
"She is Gertrude from Ndola, Zambia. Here's how she gets water.",Many of us can just turn on the tap and fill our glass. She can't.,1
"Each survives on $3 a day, average. On top of that, their water? There's a huge problem.",The town of Matagalpa didn't have clean water. One of their own decided to change that.,1
Here’s what might happen when a climate-change skeptic invites a scientist over for dinner.,Skeptics have all kinds of reasons why climate change is no biggie. Check another one off the list.,1
"She says 9 sentences in the beginning, and that's all that it took to convince me.",23 people a day die from this illness. But insurance companies don't really care.,1
One of the most beautifully shot videos I've ever seen that makes be feel ugly to be a human,Sharks are pretty nice to us considering how many we kill every day. Here's how it's going down.,1
This is how you win an argument about climate change.,Can a little bit more CO2 really do that much damage?,1
"If you’re like me, when homeless people ask for money, I just can't. Here’s a much better idea.","What if you could help the homeless by electronically funding the purchase of shoes, clothes, etc.?",1
Hundreds of kids arrive in Ireland and go missing. Somehow he was spared.,His mom died. His dad was into danger. At 15 he had to escape.,1
Her name is Gertrude Mamba. Here's what it takes her to get water.,Take a look at the heavy barrels these women push just to survive.,1
His hometown is littered with dirty rivers and contaminated wells. So he fixed them.,More kids went to school. People got healthier. What did it take? Fixing a couple of wells.,1
Straight-up chilllin' out for 20 minutes a day will make your brain better. Here's how.,"If superfit brains were as sexy as superfit bods, their brains would be in Sports Illustrated",1
One little girl took pictures of her school lunch. The internet responded — and so did the school.,Social media and technology have failed some children. But these kids? They win the internet.,1
This 10 minute video has completely changed the way I look at do-gooder,Are you really a good person for buying organic apples?,1
I wonder what we'd think of the NFL if every player knew their mind as well as him,This NFL player is breaking the stigma around mental illness,1
São Paulo sounds like a city of dreams. Until I saw its reservoir.,This is what deforestation can do to your city and your water supply.,1
The president puts 1 chart in front of the camera that might make you hate your cable company more.,He shows you 1 chart that explains why it took so long to load this page.,1
"He was fed up with his mom, so he tried an experiment. After it ended, he started sobbing.","He did an experiment to see what it was like to have Alzheimer's. By the end, he was in tears.",1
"EXCLUSIVE: A massively viral Chinese documentary, summarized in English for the first time.","EXCLUSIVE: 'Under The Dome,' the viral anti-pollution video from China, translated to English.",1
10 life-saving heroes walk into a photo. Obviously we're going to celebrate them.,These 10 people are linked to some of the most common vaccines we have today,1
"I hold my breath as she takes the bandages off. But after, I can't stop smiling.","Their mother bursts into tears thinking about the surgery. But after, they can't stop smiling.",1
I never realized how dumb our cities are until I saw what a smart one looks like.,Why are so many cities making people sick? Wake up and smell the exhaust fumes.,1
Julia Roberts stars in her biggest role ever. She will literally never have a bigger one.,It's definitely time to stop trying to save the Earth.,1
I asked a black ladyfriend if this was for real. She realized she had no idea how oblivious I was.,#askhermore isn't just for the red carpet.,1
Her name is Gertrude Mamba. Here is her story. Brace yourself.,40 billion hours a year. That's the time people spend to get water in Africa.,1
"They can barely bring themselves to watch, but when I saw what was on the screen, I just laughed.",I can't believe we lost the glacier.' — A guy not talking about sports.,1
"Well, one guy in this video just comes out and says it. 'Stop treating women like baby-machines.'",They're sharing some brave thoughts and experiences with womanhood. You may find yourself agreeing.,1
It's a pop song like no other. But not every woman is allowed to hear it.,Her powerful pop song is meant for 'all' women. Even those not allowed to hear it.,1
There's a new way for kids to smoke cigarettes and it's totally legal. What?,"16 million kids can buy e-cigarettes legally, and no one's talking about it.",1
A fairly obvious thing that all homeless people have in common that's good to remember,A guy takes to the streets to interview homeless people. The results?,1
"Instead of making homelessness illegal and punishing people, how about we help them?","The first half was a huge downer. It all turned around, though, because of good people.",1
It only took 83 minutes for a movie to change everything for SeaWorld.,"They should be free in the ocean, but they’re ‘stored’ in tanks. Now it’s SeaWorld that’s tanking.",1
"He asks, 'Why do people fear the gay?' And then he answers his own question.",He reflects on what he thinks makes people dislike others who are different. What do you think?,1
"If water doesn't flow, farmers have to leave their homes for the city. DIY glaciers to the rescue.",Can human-beings create glaciers? These guys are off to a good start.,1
What if I told you that you'd never have to see things like this ever again?,The result? 72% less chronic homelessness. The reason. Give'em homes.,1
"A movie went behind the scenes, and now SeaWorld is just trying to stay afloat.",SeaWorld is trying to stay afloat since a movie revealed its secret.,1
This billboard takes on domestic violence in a way you really have to see to believe,People can control how the women on this billboard look. They just have to look up.,1
"A woman perfectly answers the question, ""What's the difference between men and women?""",Three women from around the world speak up on the status of women's rights.,1
Watch a super rich capitalist have a 'lil secret chat with his fellow richies,This zillionaire knows why 1 city is crushing it in the prosperity and job categories,1
A woman explains how she makes money in Cuba without the Castros,"Say what you will about Cuba, but they are embracing capitalism just fiiiine.",1
"A woman perfectly answers the question, ""What's the difference between men and women?""","On International Women's Day, these three women have something to say about gender equality.",1
Three women deliver a powerful message about the state of women's rights in the world.,"When asked about gender equality, 3 women give different answers with one important thing in common.",1
"If your next package looks like this, you might be a black woman","A wage gap parody that includes all women, not just the white ones.",1
This fake Amazon ad is pretty funny until it gets to black women,This fake Amazon ad imagines what packages look like for black women,1
Coming out was easy. The hard part? Admitting she still liked men.,Why is coming out as bisexual so difficult? Katy breaks it down.,1
"There wasn't a dry eye, on court or off. Even the refs were crying.",Terminal cancer didn't get in the way of making student Lauren Hill's dream come true.,1
Happy Puberty! Here's a vibrator.,There are so many things wrong with the way girls are taught about sex. Some women want to fix it.,1
There's something powerful about hearing the first black president say these words in Selma,Was President Obama's speech on the 50th anniversary of the march from Selma one of his best? Yes.,1
"Some women want a man to secure their future. 
And then there's her.","Some are stuck on history, but when it comes to money, they're the future.",1
An actress was sick of the roles she was being offered as a black woman. So she made her own movie.,She was SO sick of the roles she was being told to play by Hollywood. So she made her own movie.,1
"Some lawmakers think you need a good probing, mentally and vaginally, before you have an abortion.","It's really pretty creepy, when you think about it, that lawmakers want to do this to women.",1
Here's what's being done to women in over 80% of America. I didn't know it was this bad.,"The creator of 'The Daily Show' has some scary, not-at-all-funny news for women.",1
"She became ill before her son Eli was born — for one small reason. Small, but important.",The amazing reason water can make a huge difference on childbirth,1
"An analysis of 1,500 films resulted in 1 disturbing conclusion.","An analysis of 1,500 films outlined the path forward for better movies from Hollywood.",1
The thing that's slowly encroaching upon women state by state is scarier than any nightmare.,"The truth about anti-choice laws is truly frightening, but letting it creep up on us is even worse!",1
Listen to 1 man explain why he has a hard time being a feminist.,Listen to 1 man explain why he has a hard time being a feminist,1
A man screamed at her once because he thought she was white. That's just the tip of the iceberg.,A man screamed at her once. But being ignored now is even worse.,1
"You, yes, you, have the power to overcome the mind-control device you carry around every day.","Keep your eyes on the road, your hands upon the wheel ... not just song lyrics, but a good idea.",1
"When these drones zoom in over elephants and rhinos, they stop horrible things from happening.","In 10 years, there’ll be no elephants or rhinos in the wild. These drones are flying to the rescue.",1
"As parents get older, grownup kids have a problem. Who’s gonna take care of their parents?","We don’t hear much about caregivers, but we're about to care a lot about them.",1
She was the first American to ever win the International Children's Peace Prize. Hear her speech.,What does throwing a pebble into a pond have to do with changing the world?,1
"The inventors of this could have made a fortune. Instead, they're making kids happy.","For the people who are making these, the biggest question is, 'Which superhero do you want?""",1
Want to see some young people who refuse to be told they can’t fix some problems of the world?,Think all young people are apathetic and not interested in the world around them?,1
"After hearing how she spent her 9th birthday, it's no wonder she's being recognized globally.",The way she spent her 9th birthday brought her global recognition,1
I can't imagine walking miles for a cup of water. Now they probably can't either.,Why there are so many jobs in the water industry,1
"Every time some charity asks for your money, ask them if they do it like this.",They’ve come up with a $$-and-cents reason for people to do the right thing. Genius.,1
Their life-changing injuries are identical. But their compensation couldn't be more different.,Could you support your family if you were injured on the job? Depends where you live.,1
"Every time some charity asks for your money, ask them if they do it like this.","When you're thinking about making a donation, find out if they know about this.",1
Best use of food coloring ever.,"Let's be honest, who could say no to a reasonable request from a nice lady with a plate of cookies?",1
"Marry an older man. Not just grandma's advice, in some countries, it's the law.",97% of countries that committed to equality give moms paid family leave. For dads? About half.,1
Is this cartoon character (that's actually a machine) a boy or a girl? And why it matters.<br>,A video game machine that falls in love with a bubble? That'll be the day.,1
They both lost an arm. But one guy's workers comp was 10 times the other's.,Their life-changing injuries are identical. But their compensation couldn't be more different.,1
"As they read mean tweets, a laugh track plays. But it's not funny.",Bullies are never easy. But Twitter is making it brutal.,1
The first tweets? Audience goes wild. By the end? No one's laughing.,After each tweet the audience goes wild. So why do they look so low?,1
John Oliver covers a massive college sports scandal that made my blood boil.,John Oliver calls BS on March Madness,1
"Hold the pickles and lettuce. And when you get burned on the job at McDonald's, here's some mustard.",I wonder where Ronald McDonald got his license to practice medicine.,1
"The Supreme Court allowed them to discriminate for 20 years. This year, they changed their mind.",Yes! Now *that's* how you do a St. Patrick's Day parade.,1
Her job didn't exist before. Now it's changing her whole town.,There are so many jobs in the water industry — but first you gotta find water,1
Her job didn't exist before. Now it's changing her whole town.,An Upworthy &amp; TOMS event: Let's talk about water.,1
Take 2 minutes for the funniest commercial about guns you'll ever see.,See the reason these 'criminals' hate California so bad they want to shoot it.,1
This new website about guns makes me wonder whether I should be relieved or scared sh*tless.,He and his friends are violent people in leather jackets who yell at women. They LOVE this website.,1
What if you only had this crucial resource about 9% of the time?,A new app helps this Indian city distribute its limited water supply.,1
"It's the side of extreme weight-loss you won't see on TV, but that's why it's needed",Everyone deserves to love their body. This blogger has set out to prove it.,1
"Oregon's Governor just did a thing that could change everything for voters, if other states copy it.",She had a revolutionary idea: instantly being able to vote if you're eligible to vote. Brilliant!,1
Her name was 'Essence.' This is a little story about making her essence felt in her community.,"Once they learn to read that book, they're somebody. They will tell you, I am someBODY. I can read!'",1
Your first love story started long before romance. This is how to write a great final chapter.,Who will help you write a happy ending to your very first love story?,1
"An analysis of 1,500 films resulted in 1 disturbing conclusion.","1,500 films were analyzed. The prognosis is grim, but there's hope.",1
"Yes, this is a man in a women's restroom. Why? To protest men being forced to use women's restrooms.","Some politicians want to force this man to use the women's restroom, and it's absolutely ridiculous.",1
The way we grow food is causing a ruckus and we have a way to make it all good,A really cool animation about food and what you eat,1
Her name was 'Essence.' This is a little story about making it felt all around her.,"When we lose somebody, we never know what they will inspire us to do. Meet Essence.",1
The boy didn't want to blend in. He wanted to stand out. And they made it happen.,They just wanted to make the boy feel normal. They ended up making him feel like a superhero.,1
"A bankruptcy lawyer shows up at a 'right-to-work' hearing. Believe it or not, hilarity ensues.","He starts talking, and I'm thinking … groan. But he quickly gets me. I see what you did there.",1
A chilling new PSA takes on sexual assault through fresh eyes: Yours.,A powerful new PSA takes on sexual assault through fresh eyes: Yours.,1
The most convincing argument I've heard for raising the minimum wage. From a rich guy.,The video every rich and/or powerful person needs to watch on the necessity of a living wage,1
The little girl in this story is no longer alive. But she's still the star.,How one family turned their pain into something that helps kids learn to read.,1
A profanity-laden take on life from an 87 year old who pretends she's 88,Our society is kaput' and other insights from an ageless 88 year old,1
A toy company published beauty advice in its magazine for kids. She set them straight.,This picture is in a magazine for young girls. Published by a toy company. Ew.,1
"Someone asked him about his body issues, and he explained why he has them",Someone asked about his body issues and it made me wonder why he has them,1
The spectacular fall of Rep. Aaron Schock,"How to be a corrupt congressperson, legally.",1
"These women's husbands don't believe it takes so long to get water. After I heard them speak, I do.","The droughts are so intense, girls as young as 7 help get water — and walk miles for hours to do it.",1
"What does childbirth look like? For Doris, it was far from clean. It was a bacterial nightmare.","If a hospital said to bring your own water, how would you react? Doris was thankful.",1
"When these astronauts described how it changed them, I got goosebumps.","We can't change the Earth by just looking at it, right? Turns out, wrong. Sorta.",1
The faces on paper money haven't changed since 1929. You know what's missing? Women.,Women are on exactly zero bills. Isn't it time for a change?,1
A new app gets you buzzed every time you're near a place where a woman made history.,History's full of great women doing incredible things. But where? Now there's an app for that.,1
"12 years ago, we invaded Iraq. Here's what Baghdad looks like today.",You have to survive. You can't just huddle in your house all day in fear.',1
"When they left the Earth, they looked back and saw us all in a way only a few can explain",They looked at our little planet from above and felt something so powerful they had to name it,1
A black guy who dates outside of his race experiences a heart-dropping letdown moment.,What dating a person who isn't my race taught me about living through a unsatisfying letdown moment.,1
"He was yelling for help, asking for the beating to stop. Now his classmates have his back.",University of Virginia students unify behind beaten classmate.,1
"I'm never emotional when I see people eating, until I saw Carmen.",Homesickness made her cry. Then her mom teared up and I was a hot mess.,1
A company in Italy figured out a genius way to make graveyards obsolete.,"Graveyards don't have to be creepy; they can be beautiful, and one company has a plan to make that happen.",1
"She's 34, 5'3, and 175 pounds. The world tells her she's not supposed to tell you that.",She's writing a skit to make a big point about how women value themselves.,1
2 designers in Italy came up with a genius plan to make graveyards 1000% less creepy.,Graveyards would be 1000% less creepy if we memorialized our loved ones with trees instead,1
"This business is like a giant cancer in the north, and 100 celebrities want to stop the bleeding.","The tar sands industry is a tragedy up north, and these celebrities want you to know about it.",1
See how one woman's life changed forever when she got a bathroom.,See how one woman's life changed forever when she got a toilet.,1
Upworthy failed one of our own employees. But we learned a lot from it.,How Upworthy folks learned to be better allies to one of our own.,1
These kids aren't all right. 7 photos show you a world of change.,The kids aren't all right. 7 worldwide photographers share how kids are living climate change.,1
Even brave husky guides in the Arctic just want their moms at times.,Even super cool husky guides in the Arctic miss home at times.,1
This is the most important 20 seconds of Monica Lewinsky's TED Talk.,Monica Lewinsky: 'You *can* survive shame and public humiliation.',1
3 big problems we have because Americans eat more of this than just about anyone.,Kate Mara from House of Cards has a way to make Mondays something to get excited about.,1
She's not saying you have to stop eating it. But eating a little less lets 3 great things happen.,"Binge-watching made her a star, but Kate Mara's concerned with another kind of over-indulging.",1
People around the world list reasons to feel happy. What's yours?,"For one man, happiness was as simple as air. For one woman, it was the sound of music.",1
2-year-old Charlie died in an accident his dad didn't know could happen. Now he wants you to know.,"25 kids are killed and 25,000 are hurt yearly by a 100% avoidable accident. Here's how to avoid it.",1
People around the world list reasons to feel happy. What are yours?,There are 7 billion answers to the question 'What makes you feel happy?' Here are just a few.,1
They resisted the dam for decades but now that fight may be over.,"The Xingu River is her home, but a giant dam is about to take it away.",1
You can use your smartphone to determine if your child has a deadly form of cancer. Here's how.,Your cell phone is literally a medical device that could save your child's life.,1
We like to build big things. But big dams have a price no one should have to pay.,Her whole life has been entwined with this river. The river is about to disappear.,1
"They fought against this dam for decades, but the end is now in sight.","They fought long and hard to protect their land, but the end is now in sight.",1
"They compared Wall Street bonuses to the total earnings of every minimum wage worker. Oh, it's sad.",Wall Street earned it. But does the average person deserve it?,1
Now *that's* what I call an acceptance speech. <br>,"Now *that's* what I call an acceptance speech. Thank you, Kerry Washington.<br>",1
NASA made an adorable video explaining climate change. You'll heart it.,It may just be doomed to slowly lose its habitat completely to warming.,1
"Yo, this ice shelf the size of Rhode Island disintegrated in, like, four months.",An ice shelf the size of Rhode Island disintegrated into the sea in just 4 months.,1
"I heard Rick Scott banned the term ""climate change."" I doubted it until I saw this hilarious video.","Climate change.' One man is banned from saying it, but those who *can* have a field day with him.",1
She can't study or start a family all because of what happened at 15.,"She felt stuck, but wasn't alone. There's 600 thousand people like her.",1
"They compared Wall Street bonuses to the total earnings of every minimum wage worker. Oh, it's sad.",Compare Wall Street bonuses to the total earnings of every minimum wage worker. Go.,1
"If you've heard one story, you've heard 'em all, right? Nope. That'd be myth #1.",Are people homeless because they choose to be?,1
How many extra tabs do you have open on your computer right now?' It's a serious question.,"Stop watching this video, step away from your desk, and go do something fun *right now.*",1
A look inside a Cambodian garment factory. It's not how I thought it'd look.,Shining a different light inside a Cambodian garment factory. A positive one.,1
Compare Wall Street bonuses to the total earnings of the everyday worker. Go.,Compare Wall Street bonuses to the total earnings of every minimum wage worker. Go.,1
One of these experiments forever changed the way medical studies happened. The other created heroes.,There's a place in Alabama called Tuskegee. 2 very different things happened here.,1
"You've probable heard about one group of black men from Tuskegee, Alabama. But likely not the other.",Some of these men became fighter pilots in WWII. The others had a disease that would not be treated.,1
What the president did right when he stopped by to ask these Girl Scouts about their science project,The 5 best parts of the president's conversation with these Girl Scouts about their science project.,1
The way we reward people for hard work is hurting the economy.,The people that kinda made the economy implode are making billions of dollars. Can you not?,1
What the president did right when he stopped by to ask these Girl Scouts about their science project,The 5 best parts of the president's conversation with these Girl Scouts about their science project.,1
She can't study or start a family all because of what happened at 15.,It's hard to study or have a family because of what happened at 15.,1
"When the president meets with caped crusaders, it usually doesn't turn out this adorably",See The President and 5 Girl Scouts bond at the White House Science Fair,1
California has 1 year of water left. This is how we can solve the long term issue.,Let's talk turkey about the ruckus beef is causing,1
A time lapse video that allows you to watch the earth breath. It's wonderful.,A fun way to experience breath with the tide. Its wonderful.,1
"As you lay dying, what moments will you remember?",Life is all about moments. No one in history has been able to hold onto one. Not a single soul.',1
It's hard enough being a girl. It's even harder when you're denied an education.,"1 in 5 girls is being denied an education, and it's up to us to change that.",1
"When his wife died, he was heartbroken. It took him 22 years and a hammer to honor her memory.",It took this man 22 years to carve a road through a mountain with nothing but a hammer and a chisel.,1
"He made some mind blowing art but no one knew about the ""problem"" that started it all.",Feel like something is holding you back? Maybe there's another way to look at it.,1
A straight guy shares the hilarious story of when he had to come out to his parents.,What happens when a straight guy pretends to come out to his parents? Comedy gold.,1
New concept: You're only allowed to be colorblind if a doctor says so,Is being colorblind is the best response to racism? NO. Nononononono.,1
The health risk of going to school for kids like Rhett Krawitt is messed up. And avoidable.,Should parents be required to vaccinate their kids?,1
She needed a good meal. When I saw how her mom made that happen — wow.,"There's no place like home, unless your mom brings it to you in the Arctic.",1
Let me show you what discrimination looks like in real life. It hurts.,This is what discrimination looks like in real life. And it hurts.,1
"What do grizzly bears, bald eagles, alligators, prairie dogs, and cornflowers have in common?",They needed a bipartisan effort and got one. Let's take a look at what *we* saved from a sad list.,1
Watch this Dallas sportscaster take a powerful stand against domestic violence in football.,"His team signed one of the top players in the league, so why is this sportscaster so upset?",1
"She still doesn't know who posted, ""Bash that bitch's head in."" But she knows they meant her head.",She was being threatened by people who wouldn't show their faces. Her supporters signed their names.,1
"This guy just won the 'Uncle of the Year,' award, and it's not even close.",A guy wanted to do something special for his niece. So he put on a dress and took her to the movies.,1
"Even after you listen to his whole think, you'll say, ""But sugar *does* make my kid hyper."" Nope.","Even after you listen to his whole thing, you'll say, ""But sugar *does* make my kid hyper."" Nope.",1
"What does childbirth look like? For Doris, it was far from ideal. She was luckier than most.",Snacks. Bathrobe. Socks. Camera. ... Water? What made Doris' delivery different (yet too common).,1
"Cuba's known for many things, but when I heard about their doctors — incredible.",10 thousand people from 29 countries get to go to medical school for free.,1
"In a few years he'll graduate — debt free and be a doctor. Yep, I'm jealous.",In a few years he'll graduate debt-free and be a doctor.,1
Here's an inside look at the viral skeletons video that brought joy to the Internet.,An (un)likely group of people get together to smash people's notions of where love can exist.,1
"How the TSA “scans"" us at airports and why it means nothing for security.",Forget driving while Black … wha'bout FLYING while Black?,1
We can all learn something from how Maya Angelou dealt with a young rapper named Tupac.,Dave Chappelle interviewed Maya Angelou about a time she talked to Tupac. But the story goes deeper.,1
How the TSA 'scans' us at airports and why it means nothing for security.,One way the TSA 'scans' us at airports and how it means nothing for security.,1
One way the TSA scans us at airports is about to be tried in court.,The TSA is being sued for one pretty much useless way it scans us at airports.,1
"Penélope Cruz stars as water. Beautiful, ancient, and everlasting.","We all need this resource to stay alive, but it would be better off without us.",1
The discoverer of this fuzzy ball of yarn is about to become the first person to see it up close,Remember Pluto? Probably not like this.,1
The man who discovered Pluto is about to become the first person to visit it,Learn how this man came along for the ride to the planet he discovered,1
Remember Pluto? Probably not like this.,We've never been this close to Pluto. Here's why it matters.,1
"For years, the world has approached anti-rape programs all wrong, but Kenya set things straight.",A look at Kenya's anti-rape revolution gives a glimpse at what success looks like.,1
The story here is sad but beautiful. Whose is it? Water's. (Penélope Cruz narrates.),We often take this resource for granted. But it will survive long after we're gone.,1
These two guys are going to live in a tiny tin can in space. For a year. <br>,He interviewed an astronaut before he leaves to live in space *for a year.* Incredible.<br>,1
"He's going to live on the Space Station for a year, so that someday we can all live on Mars<br>","Before we can all live on Mars, we need this guy to live in space for 1 year",1
"The magic power of self-healing cats, explained.",An infographic about how to reduce heart disease and anxiety with one fluffy friend.,1
If you think zombies are only on TV you gotta hear this guys stories.,What he says about mind control proves once and for all — there is nothing weirder than real life.,1
"A short video recaps 25 years of the Internet. We've gotta admit, it's pretty exciting. What's next?",The web is in danger. Here's how we fix it.,1
A scientist watched a bunch of male baboons die. It revealed something fascinating about men.,A scientist studied a group of baboons. He learned something extraordinary about how men behave.,1
"When this little girl lays the smack down on the school board, the adults can't get enough.",This 4th grader isn't just complaining about testing. She actually wants more tests.,1
Talking about privilege can get awkward. A caterpillar and a snail make it easy.,A fun animation about a caterpillar and a snail puts you in different shoes,1
"This animation is the best, most non-confrontational way to talk about privilege","This animation is a great, non-confrontational way to talk about privilege",1
Penélope Cruz takes on a role as ... water. She makes a powerful point.,"The story of water, told by Penélope Cruz. It's as haunting as it is beautiful.",1
A 9 year old goes in on standardized tests and ends with the best mic drop of all time,A 9 year old lays the smack down on standardized tests and it's *epic*,1
These tiny creatures are some of the scariest living things on Earth.,Mind control is far more common than scientists used to think. Now I'm worried.,1
A gay couple wanted to adopt a baby. So they did something a little out of the ordinary.,A gay couple recorded a super sweet song for a baby they haven't met yet.,1
A comedian went on TV and viciously insulted a fellow comedian. Here's her eloquent response.,"When another comedian publicly mocked her injury and weight, she responded with this eloquent video.",1
These students know a dirty secret about how their school makes money. They want you to know too.,Got a 401-K? Do you know what your money is doing when you're not watching it?,1
The guy taking over for Jon Stewart is absolutely hilarious. Here's the evidence.,"Trevor Noah is taking over the 'Daily Show' from Jon Stewart, and that's super exciting.",1
"When a black person and a white person get together, there are some things to consider.","When a blacks and whites get together, there are some things to consider.",1
Kenya's unique approach to rape prevention should have the rest of the world taking note.,How can we prevent rape? Kenya is working on the answer with this unique program for boys and girls.,1
They came on the air promising real stories of real women. Now they're just embarrassing.,We assumed women's TV networks would be pro-woman. Silly us.,1
"In 2016, there will be two elections. 99.95% of you won't get to vote in the important one.","In 2016, there will be two elections. 99.95% of us won't get to vote in the important one.",1
"His film won him a trip to the White House, but what he really cares about happens back home.",People find different ways of giving to their communities. His is through a camera.,1
"He's over being called “illegal"" so he wrote the realest manifesto I've heard.","He's like 'we all belong to more than one country,' let's not make this weird.",1
It's an open secret among the members of her platoon. It shouldn't have to be a secret.,"Even after the repeal of 'Don't Ask, Don't Tell,' these people can still be fired from the military.",1
They came on the air promising real stories of real women. Now they're just embarrassing.,These networks promised stories about real women. Who are *these* people?,1
Folks in this city survive on $3 per day. He calls the city home and is trying to help.,It takes a community: how one man got support from his neighbors to save its water supply.,1
"Using his camera to learn more about himself, this teen ends up teaching Obama about the Navajo way.","A Navajo teen and his camera visit the White House, but the audience he really wants is back home.",1
"If you get down about your work, a little Lego guy has some advice.","There's nothing wrong with high expectations, unless they mean you quit even before you get started.",1
"He's over being called “illegal"" so he wrote the realest manifesto I've heard.","Some smart guys, like him, think  that certain laws should be broken.",1
Indiana passed an anti-gay law. They're just finding out how badly they screwed up.,The backlash against Indiana's nasty anti-gay law has begun.,1
Does being a perfectionist get to you? A little Lego guy has some advice.,Do the ups and downs of creativity make you feel like a yoyo? 3 rules to live steady by.,1
"They don't want us to feel ""normal"" so we'll keep buying sh*t we don't need. She says: ENOUGH.","Could 'self-acceptance' help fight climate change? If you said 'wait, what,' you're in for a treat.",1
This superbug has killed thousands. Two scientists just killed it with a 1000-year-old remedy.<br>,A 9th century potion could cure the Methicillin-resistant Staphylococcus aureus (MRSA) superbug.<br>,1
"Some words need to be ""retired"" from our language. Here's my #1 choice.",Many delightful words start with the letter 'R.' Robust. Rhubarb. Rubenesque. So why use this one?,1
"Look really closely at this river, and you just might see what the big developers see.",Is destroying this river and the community that lives off of it worth making a buck on coal?,1
A ripped guy and a not-ripped guy are in their undies and I love it. They both have great bodies!,A ripped guy and a not-ripped guy are in their underwear and I love it.,1
A ripped guy and a not-ripped guy are in their undies and I love it. They both have great bodies!,A ripped guy and a not-ripped guy are in their underwear and I love it.,1
"Superbugs like MRSA may have just met their match thanks to this 9th century potion. Yes, really.<br>",A remedy from a 9th century medieval text kills scary superbugs like MRSA. Here's how they found it.<br>,1
This robotic bear can tell when a child is in pain based on how hard they squeeze its hand.,"There's a new way to help kids face cancer. A robot teddy bear named 'Huggable.""",1
An anonymous person complained that their school doesn't have a club for white people. Bad move.,Have you ever wondered why college campuses don't have more clubs just for white guys?,1
Sometimes the weight of the world feels pretty heavy. That's when you could use a pep talk.,"If the bad stuff in the world has you down, he's here to tell you why everything's still good.",1
This robotic bear can tell when a child is in pain based on how hard they squeeze its hand.,"A robot whose sole purpose is to connect emotionally with cancer patients. It's working, too.",1
"Well, Indiana is sure gonna be sorry now. First Angie's List and now Ron Swanson? OUCH.","Indiana, 'til you play nice with EVERYONE, you don't get things like Angie's List and Ron Swanson.",1
"No one should be called ""illegal,"" so I applauded his powerful statement.","They don't enjoy the word “illegal,"" so what he said got me hyped.",1
"A Utah town's solution to homelessness is so good, every state will be mad that they weren't first.",Burglars are criminals for having what isn't theirs. These people are criminals for NOT having.,1
"""If you're against it, you're against jobs ... For it, you're against children."" Tough call.","""If you're against it, you're against jobs ... For it, you're against children.""",1
"When one stadium announced LGBT Pride Night, angry fans sold their tickets. So she bought them all.",How one fan is making sure not a single seat will be empty at her team's LGBT Pride Night,1
Celebs reading mean tweets it's hilarious. Homeless reading mean tweets? Not so much.,Someone wondered if homeless people go to heaven? Wow.,1
How a doctor gets them up in there — and other important facts about IUDs,"Let's talk about birth control — the tiny, insertable, don't-have-to-remember-to-take-it  kind.",1
Twitter is supposed to be fun. But for these homeless folks it's crushing.,Celebs reading mean tweets is hilarious. Homeless reading mean tweets? Not so much.,1
A gay love story set to a straight lyrics show that the feeling of love is universal,"Watch a love story about a soldier and listen to a man sing about his love, Georgia",1
"Growing up, Alfred was so full of hate. But now he's channeled that into something amazing.","What's better than having to always drink water that might make you sick? Um, NOT having to do that.",1
This is what California's water problem looks like. And here's how we fix it.,Here's what California needs to learn from Brazil before this drought gets any worse.,1
Every year her daughter's birthday party is in the hallway. Here's why.,She can't do her homework. She's too busy listening to her mom cry at night.,1
3 selfies shared by Chris Rock are just one more way he's demonstrating racism still exists.,"What's it take for a black person to live in Chris Rock's neighborhood? A lot of patience, for one.",1
"The huge price one comedian paid so that George Carlin, Richard Pryor, and others could make it big.","Comedians probe the edge of our culture, sometimes at great peril. Meet Lenny Bruce.",1
"Her speech was great, but I zeroed in on the list of names she gave. Some really important women.","It's a tiny history lesson, but it should be so much bigger.",1
Helen Mirren says what every woman who's ever been on a crowded train has been thinking.<br><br><br><br>,"Helen Mirren sounds off on 'manspreading' on late-night TV, and it's awesome.",1
Every birthday her daughter asks if her party will be in the hallway again. It is.,She wanted safety for her daughter. But the country she fled to wasn't about to make things easy.,1
These students know a dirty secret about how their school makes money. They want you to know too.,"They got silly vests, a rhyming dictionary, and a message for their school: drop big oil.",1
"He's only 10, but he just gave Florida's legislature a powerful lesson in discrimination.",A 10-year-old boy in Florida goes on camera to say that discrimination against his dads is wrong.,1
"You should have learned about them in middle school, but you probably didn't. So here goes.","After her talk, she dropped 5 names of important women. If you don't know who they are, here goes.",1
These 2 elderly Holocaust survivors are living proof that it's not enough to just survive.,Two 80-something Holocaust survivors started a band to remember the good times.,1
"His wife said he was crazy. His rabbi said he was too old. But his friend said, 'Let's do it.'","They completed a remarkable exodus, and not just from darkness into freedom.",1
The NFL just hired their first female ref. Here's why that's huge news.,Women are making waves in the sporting world. Now up? The NFL.,1
John Oliver finds out just how easy it is for the NSA to see you naked.,John Oliver knows you don't want to hear about government surveillance. So he flew to Russia.,1
A black man sits down at a diner to eat. The white patrons are shocked. Then the owner steps up.,"When it looks like to turn the clock back 50 years. I'm looking at YOU, Indiana (and Alabama, and …)",1
"He takes down climate change deniers using only air-quotes and the phrase ""so-called"".",A comedian goes on a joke rant *against* science. He's trying to get humans to like it.,1
Can't imagine what it's like to live in Uganda? Let this show you.,Clean water must come first. And then everything else will follow.,1
"A 'woman' at 12, married by 14, pregnant by 15. But WAIT! Rewind that and let's do it again.","One 12-year-old girl, two entirely different potential outcomes. We all want the good one, right?",1
"As the cost of college skyrockets, one school has a radical new plan: a free education.",College keeps getting more expensive. Here's how one school manages to stay affordable.,1
You can get paid to reduce your carbon footprint? I'm listening…,How would you feel if your electric company paid you to buy less of their product?,1
Modern day human slavery takes many forms. Here are three of them.,"Three people named Jenny, Victor, and Julie took a chance on a better life. They got the opposite.",1
"When one employee saw these baby clothes, he almost lost his cool. Thankfully the store listened.",These onesies really put the patriarcy in perspective,1
A college just approved a $2.50 fee per student per semester. It made a lot of students happy.,See how a Chicago student body decided to help the undocumented students at their university.,1
A massive corporate power grab is about to become law. You need to know what's in it.,Republican want to give corporations enormous new power. Obama is helping them do it.,1
A famous rock star has an inspiring message for the poorest youth of America.,See why one rock legend wants your kid to be a monk ... sort of.,1
What's it really like working for minimum wage all day? Let's hear from those actually living it.,"The fight to #RaiseTheWage is about civil rights, and human dignity.",1
Some are trying to humiliate SNAP users with weird restrictions. Like being broke isn't hard enough.,Some are worried that food stamp users will buy things like steak and shrimp. That's just silly.,1
The surprising way a country that was closed off to the United States has dealt with scarcity.,"What's going on in Cuba is interesting, kind of  like how they roll.",1
"For power companies, it can be cheaper to pay customers to use less power than to sell it to them.","Sometimes the more power people use, the less power companies make. It can be a great thing.",1
Michelle Obama's instantly classic speech at the 'Black Girls Rock' Awards is a must watch.,"The 'Black Girls Rock' Awards had a lot of great speeches, but this one really stood out.",1
"82 years ago, we legalized a dangerous drug. It was a good idea.","If you take 1 thing away from National Beer Day, here's what it should be.",1
"This 6-year-old's film was so important, President Obama showed it at the White House.","He just made a movie, and I'm dying to see it.",1
Dancing With The Stars' becomes poignant when a gay star dances out his pain.,Gay football player Michael Sam performed a dance to a song about a dad who won't accept his son.,1
"They haven't had a new bike in decades, but that doesn't stop them from using what they've got.",One look at Cuba's bike culture and the creative people behind it,1
President Obama was interrupted by a bunch of bees. He responds with some pretty solid advice.,"We need them for 1/3 of all our food, so yeah, bees really are good.",1
This company's clever software has power companies paying YOU.,A clever new idea uses a power company's smart meters to cut everyone's pollution.,1
This music video beautifully captures a major education problem we have in the world,Dropping out of school is a familiar story for millions. This song gives it a unique twist.,1
"If you don't know why Apple's diverse emoji are big deal, there a study for that.",Apple's racially diverse emoji might just make us be nicer to each other. SCIENCE!,1
"Until the video of this man's murder went viral, his killer walked free.",What happened in North Charleston mirrors Ferguson. Here's what we can learn from both cities.,1
The women sit in a circle and put money in a box. Then they do it again the next week. It's genius.,"This savings and loan program in some of the poorest, rural areas of the world is... working",1
What parents want their black sons to do when they're stopped by the cops.,How some parents talk to their black sons about racial profiling.,1
A thought out explanation of privilege in America from the mouth of a Southern good ol' boy,A reformed racist gives insight to why he changed and offered advice on how American can change,1
"Until the video of this man's murder went viral, his killer walked free.",What happened in North Charleston mirrors Ferguson. Here's what we can learn from both cities.,1
"Two comedians walk into the exact same job. One gets $60, the other gets $10.",Sarah Silverman got paid $50 less for making *just* as many people laugh. She's got some thoughts.,1
It started with extras from her pantry for the neighborhood kids. Then it spread like wildfire.,She started by feeding neighborhood kids extras from her pantry. It united a neighborhood.,1
New evidence suggests the Brontosaurus could be real after all.,IMPORTANT SCIENCE NEWS: The Brontosaurus might be real after all.,1
The Daily Show's Samantha Bee did an eye-opening report about rapists and parental rights.,"In a number of states, a rapist can sue for custody of a child conceived as a result of his crime.",1
The Daily Show's Samantha Bee did an eye-opening report about rapists and parental rights.,The Daily Show's Samantha Bee did an eye-opening report about sexual assault and parental rights.,1
Workers across the U.S. are walking out on their jobs on April 15. Here's why.,They're walking out all across the nation on April 15. And it's only just the start.,1
A mom in the U.S. wondered about motherhood around the world. Here's what she found out.,"June Cleaver, desperate housewives, move over. These women are talking about the real thing.",1
A look inside a Cambodian garment factory. There's a pretty sweet health program in there.,Cambodian garment workers are benefiting from these health programs at work,1
A woman who's 'wobbly' talks about why the idea of 'normal' is actually pretty toxic.,What would happen if we stopped trying to be 'normal'?,1
A carpenter makes toys from garbage while living in a refugee camp.,A displaced Syrian carpenter turns trash into happiness and reminds refugee kids to be kids,1
"Capitalism's gotten twisted. Thankfully, we have options.","Capitalism isn't working the way it should. Thankfully, we have options.",1
"Capitalism isn't working the way it should. Thankfully, we have options.","Capitalism's gotten twisted. Thankfully, we have options.",1
"Capitalism's gotten twisted. Thankfully, we have options.","Capitalism isn't working the way it should. Thankfully, we have options.",1
Racism explained by a good ol' Southern boy,Having a Southern good ol' boy talk about privilege in American may be what America needs,1
Here's a fact about trees that uses soccer in a really angering way.,It's time to talk about ways to keep our forests as forest-y as they can be.,1
This brilliant company is turning bigotry into something beautiful,Supporting marriage equality with a paper shredder? Genius.,1
This brilliant company is turning bigotry into something beautiful,Gay propaganda transformed to make gay weddings more festive? Now that's lemons into lemonade.,1
Have you heard about what's happening on April 15? Because it's not just Tax Day.,Some people who work very hard for a living are about to hit the streets. Why?,1
4 people who inspired me not to be a Debbie Downer about water,3 Laureates and a UN dude talk about water. It's way more interesting than you'd think.,1
Water is more than just a liquid. Here's how we save it.,You don't need a prize like these folks to stop the water crisis,1
"90 seconds of inspiration you might not need, but someone you love does",What do you when you don't think you can make it through a lifetime?,1
"He's been trying to prove it for 50 years, but this scientist still says tornadoes can save us.",Can we harness tornado power? A maverick engineer aims to show us how.,1
"Mad Men' is a feminist powerhouse, even if some people don't see it that way.",Mad Men' creator speaks out: 'I'm a product of an era where feminism was the most exciting idea.',1
A doctor who earns no money for taking care of patients say he gets all the compensation he needs.,This Harvard-educated cardiologist takes care of people for free. There's good in the world.,1
She carried her mattress to protest her rape. A nation joins her — for the second time.,Why Carry That Weight is so much more than carrying mattresses,1
He told her that her body was shameful. She decided to be proud of its power.,"When I dance, I am alive and free.",1
John Oliver and Michael Bolton perform a hilarious tribute song to the IRS.,John Oliver and Michael Bolton sing a hilarious tribute to a notorious part of the government.,1
This is what all chemistry classes should be like.,"If they had a 'chemical party' and let certain elements react, it would look something like this.",1
He told her that her body was shameful. She decided to be proud of its power.,He told me that my body was shameful. I decided to be proud of its power.,1
What if cancer could be treated with bubbles?,A scientist is working on a revolutionary way to treat cancer that wouldn't make people so sick.,1
"Using Lego bricks, an economist demonstrates the tax code's impact on income inequality.",Do taxes actually help bridge the wealth gap? Kinda.,1
She carried her mattress to protest her rape. A nation joins her — for the second time.,Thousands of survivors will carry mattresses to protest assault. Here's why we should support them.,1
"He's been trying to prove it for 50 years, but this scientist still says tornadoes can save us.","He's been trying to prove it for 5 decades, but this scientist still says tornadoes can save us.",1
She wanted to eat better on tour and found out that taste is a mind game.,Want your food to taste better? A musician learns that what's in your head is part of the answer.,1
Some people think the minimum wage should be $15. Let's see how it stacks up to the current minimum.,Is it really possible to 'make a living' on $7.25 an hour? Let's do the math.,1
"Using Lego bricks, an economist demonstrates how taxes impact income inequality.",An economist demonstrates the tax code's impact on income inequality using Lego bricks.,1
When a PSA from the 1970s can illustrate a problem still happening today. that's a PROBLEM.,"It's illegal to pay women less than men for doing the same job, but it happens anyway.",1
"They've produced 50,000 beautiful stories, but StoryCorps is far from done. They want yours!",Ever listen to a story on the radio and think you've got one better? StoryCorps has an app for that.,1
Men have an issue with her face and she's not even trying to make one,Men have opinions about her face so she explains her thoughts on all that,1
She told a little girl that everything would be OK. The little girl was herself 10 years ago.,How 1 gay woman told herself that it would get better,1
"3 words changed his life: 'You have cancer.' Now 3 more, 'Take another step,' keep him going still.<span></span>","Would you run 550 miles? In ten days? After surviving cancer? Yes? Are you this guy, then?<span></span>",1
Get to know a VSLA. They're popping up all over the place.,"Ever heard of a VSLA? It's got these women sitting in a circle, putting money in a box.",1
A massive corporate power grab is about to become law. You need to know what's in it.,Why is the U.S. trying to give corporations enormous new power? Let's follow the money.,1
"If you think $15 is too much, this parody of McD's advertising might make you finally understand.","If you think minimum wage jobs are only for kids, here's the reality for you. And a clever spoof.",1
A movie theater handed out free water that was impossible to open. Why?,These unsuspecting moviegoers were pranked with unusable water bottles. But why?,1
"Everyone thought his ideas for making ice sounded crazy, but now he's a national hero.","In a remote place where water and people flow away, his ideas help make things grow.",1
"Everyone thought his ideas for making ice sounded crazy at first, but now he's a national hero.",A DIY ice-maker has ideas that create a legacy of doing good.,1
One food bank in Minnesota figured out a genius way of getting food to hungry people who need it.,"How cops giving out food will 'make a lot of people a little healthier in immediate, tangible ways.'",1
"That controversial testing your child is about to take in school?  They don't have to, in many cases.",Don't want your kid to take the Common Core tests just yet? There's an opt-out for that.,1
A song you may have heard gives a look at why our planet is worth protecting,So many animals do what they do best while 'Wonderful World' plays in the background,1
Can all colleges everywhere please talk about sexual assault prevention like this one did?,"It shouldn't be a novel approach to rape prevention, but this college's email sure feels like it is!",1
Family can't always be there. What she found at school will never go away.,"After dealing with a big loss, surviving AP classes is no biggie.",1
A movie theater handed out free water that was impossible to open. Why?,An L.A. movie theater handed out free water that was impossible to open. Why?,1
"When Dave was 22, his dad came out to him. The way it brought them closer? When he told his story.","When Dave was 22, his dad came out to him. Here's how that story inspired a national project.",1
A mother starts crying as she tells her daughter how proud she is. This is their story.,She turned a loss into an opportunity to excel and is not turning back.,1
A new kind of kindergarten design encourages kids to be their silly selves.,"A giant circular kindergarten helps children develop in their own creative, silly ways.",1
"In 5 minutes, the daily routines of 5 very different children tell a single human story.",Their daily rituals whisper of an invisible bond between 5 kids from 5 places and 5 faiths.,1
Even mountain climber pros are having a hard time doing their job. Here's why it affects us all.,The hardest part about scaling a glacier used to be the climbing. Now it's actually finding one.,1
They asked some people on the street to talk about their favorite teachers. The answers are perfect.,Ever had a teacher that changed your life? So have these folks.,1
White privilege' is not something to feel guilty about. Here's what it does mean.,The definition of 'white privilege' doesn't include 'good' or 'bad.' But it is 'real.',1
"She used to sneak out to see him, or hide away to phone him in privacy. Now she's miserable.",She loved him madly once. It might have gone differently if his friends helped him be a better man.,1
Meditation can be done by anyone just about anywhere in as little as two minutes a day.,Meditation can keep you from getting sick and help you figure out your life. Science says so.,1
She went to war but felt weird when she got home. Then she found this.,She went to war. Then she battled PTSD at home. But this helps.,1
"He is a hard working, American man. They fired him because of his gender.","A young man describes his specific struggles employment, family, and gender.",1
A new tactic on the homeless shows that a police department cares,A video that shows not all cops are bad. How Houston cops are helping the homeless,1
Two Girl Scouts spent years telling the world about palm oil. Here's what they want you to know.,"Palm oil basically lubricates our lives, so here's what you really ought to know.",1
"If they keep farming this way, they'll ruin their country. If they stop? They destroy their lives.",They treat land so destructively that forests full of endangered animals are blown out like candles.,1
The creator of a famous TV show criticizes a major U.S. policy to the president's face.,"""What drugs don't destroy, the war against them is ripping apart.""",1
A restaurant in Arkansas posted a funny sign that mocks the state for its anti-gay stance.,He knew he couldn't stand by and watch his state discriminate. So he put up a sign in his restaurant,1
"Igiugig, Alaska. Population: 70. Here's why it's a role model for America.",One village doesn't depend on ANY outside sources. It's renewable.,1
An 8-year-old girl rescued from abusive parents wrote the sweetest note to her social worker heroes.,Read the note an 8-year-old girl wrote to the social workers who rescue children like her every day.,1
"Working at tiny scales, scientists transform gold into something even more incredible.",Gold is going places it's never gone before.,1
Your daily dose of feel-good: Kid President discusses the future in this delightful video.,Your daily dose of feel-good: Watch 'Kid President' discuss the future in this delightful video.,1
The vaccination rate in Somalia is higher than in some U.S. schools — and other important info.,Vaccines save lives and money. A whole LOT of money.,1
"A little girl's mom had no formal education, but she taught her a most valuable life lesson.","Kids learn a lot in school, but we shouldn't forget the value of hands-on experience.",1
"She was sold as a sex slave for $73. Then she was sold again. And finally, she was rescued.","A sex club paid a trafficker $73 for Remy. 'For me, that was my worth,' she said.",1
He met dozens of kids who didn't have shoes. So he invented 5 pairs in 1.,Meet the transformer shoe that can help kids in poverty for up to 5 years,1
"George Lucas just pissed off his neighbors, and I couldn't be happier.","George Lucas just reminded me of my childhood, and it has nothing to do with ""Star Wars.""",1
Nanotech transforms a glittery treasure into a medical wonder.,Nanotech transforms all that glitters into a medical wonder.,1
The man who found the Titanic made a discovery during his latest adventure: a beautiful whale.<br>,"5 years after a huge oil spill, we're still looking for answers. Luckily for us, this crew is on it.<br>",1
What seems like a small indignity at first soon becomes a huge blow to your self-esteem.,"It seems like a small indignity, but imagine how it feels to never have feminine products you need.",1
It's a 4 letter practice the FDA lets food companies get away with. It could be deadly.,Would you trust companies to decide if their own food additives are safe for you? The FDA does.,1
The man who found the Titanic made a discovery during his latest adventure: a beautiful whale.<br>,"At the site of the largest oil spill in U.S. history, a whale interrupts a deep sea expedition",1
The man who found the Titanic made a discovery during his latest adventure: a beautiful whale.<br>,A whale interrupts a deep sea expedition on the site of the largest oil spill in U.S. history.,1
"He starts with an apology for ruining the earth, but then watch him take it back.","Prince EA wrote an apology to the future, but his real message is for you and me right here and now.",1
"George Lucas just pissed off his neighbors, and I couldn't be happier.",George Lucas is right to build affordable housing in his wealthy California neighborhood.,1
A war veteran finds the perfect treatment for PTSD on a mountain with his dog and his cat.,"Watch the adorable adventures of a cat, a dog, and the traumatized war vet who really needed them.",1
The consequences of fracking revealed in a simple kitchen test. Holy smokes.,When you put a match up to running water it shouldn't burst into flames. Thanks fracking.,1
"Most workers have the same rights, right? Umm … no.","When you are on the job, you have certain rights. Right?",1
The story of this young cyclist shows that no team has ever ridden for a more worthy cause.,See how a cyclist is becoming a symbol of hope for a country 'scarred' by violence.,1
"After he was raped, he made a list of people that love him. He made sure to put his name at the top.",Upworthy's exclusive interview with the poet who Facebook suggested befriend his own rapist.,1
Meet the app that watches the forest when no one else is,We might not have known what was happening in our own backyards. Then this app came along.,1
Nursing home residents are certain this tiny dog is from heaven. After seeing her in action I agree!,This adorable little teacup Poodle does more than just look cute. She brings joy to the elderly.,1
A Muslim family was being harassed on the train. So a stranger gave the bully a verbal smackdown.,"It's not always easy to stand up to bullies, but this woman confronted a bigot and made a difference.",1
Scientists have found a practical reason for turning light into sound. It's out of this world.,Scientists make stars 'sing' to learn more about what they are.,1
It looks like the best way to grow crops here may be to get them the hell off the ground.,Could growing plants in the air be the salvation of farms ruined by pollution?,1
Palm oil is farmed 1 of 2 ways: by burning and killing — or this other way someone just figured out.,Want to know the terribly obvious reason to not destroy jungles? Because then we won't have anymore.,1
She never expected to be a farmer. But you'd never guess from the way she talks about it now.,"From bank teller to dairy farmer, here's how one woman started a new life on the farm.",1
Their friends are married. They're tired of being left out. So they're telling their stories.,Couples talk about the importance of family in a place that won't let them get married.,1
An experiment may mean that farming can happen even where the ground's been ruined.,"The ground is ruined, so engineers have started growing leafy greens in the air.",1
An inventor built a zero-emissions car out of a popular kids' toy. That's not even the best part.,Could the first drivable Lego car be the future of zero-emissions engine technology?,1
"In 2013, Google launched a bunch of balloons into the sky. It just might be the future of internet.",The future of internet connectivity starts with the 30 balloons Google launched into the sky.,1
A teacher who had enough told her students what they were really worth,A teacher who had enough of standardized testing told her students what they were really worth,1
Google launched a bunch of balloons into the sky. It just might be the future of internet.,60% of Earthlings have no internet. Here is how Google wants to fix that.,1
"14 years ago, she quit her job and started farming. Here's a look at her life now.",A farmer and mom talks about why it's important to eat real food.,1
A new drug may be life-saving. That's why these 4 families are racing to get it approved.,4 families are racing the clock to get a promising treatment approved before a son dies.,1
Their friends are married. They're tired of being left out. So they're telling their stories.,These families lives will change when Ireland recognizes same sex marriage.,1
Couples that have been together for years talk about love. It's adorable — and heartbreaking.,Did you know that gay marriage isn't legal in Ireland? Yet.,1
4 families are racing the clock to get a promising treatment approved before a son dies.,"Duchenne muscular dystrophy is merciless, so they're desperate to get this promising drug approved.",1
Bees are in serious trouble. Part of the answer couldn't be easier or more delightful.,Helping out the bees. Just one more reason to surround yourself with flowers this spring.,1
Barbara was hired at a top notch design firm at 91. Here are 5 amazing things she's done so far.,What happens if we treat the elderly like the resource that they are? Barbara Beskind happens.,1
A new drug could be the miracle they're hoping for. Now they just have to get it approved.,An emotional film tells a story of 4 families trying to get a possible cure through the FDA.,1
8 confessions from students in top-notch colleges that made me think differently about 'merit',"When you hear 'Columbia' or 'Stanford,' you might think 'rich.' Sometimes, that's far from true.",1
Right after announcing he was taking a pay cut to raise his employee's salaries…business is booming.,"He took a 90% pay cut so he could pay his employees more, and business has never been better.",1
"He doesn't ride for glory, cups, or prize money. This cyclist rides to heal a wounded nation.","A Rwandan cyclist is training as if millions of lives depend on it. And in a way, they do.",1
A new drug could be the miracle they're hoping for. Now they just have to get it approved.,A new drug may be life-saving. That's why these 4 families are racing to get it approved.,1
A massive corporate power grab is about to become law. You need to know what's in it.,The Trans Pacific Partnership is a massive corporate power grab,1
It's an area of feminism often overlooked. This pizza analogy nails it.,She's explaining some issues with feminism using pizza. It's just as awesome as it sounds.,1
A new drug could be the miracle they're hoping for. Now they just have to get it approved.,An emotional film tells a story of 4 families trying to get a possible cure through the FDA.,1
Bees are in serious trouble. Part of the answer couldn't be easier or more delightful.,"Bees have survived for 50 million years, but what they face now is epic.",1
There was a time in our history when the United States bombed its own citizens. Not kidding.,The West Virginia Mine Wars: 1 million rounds were fired in the most violent strike in U.S. history.,1
"A short, punchy video on recycling reminds us of what the numbers have been saying all along.<br>",Plastic is forever. In one form or another.<br>,1
"Quitting smoking is hard, but this bubble wrap-filled video gives you a major incentive to stop.",They traded in a cigarette for 11 glorious minutes of bubble wrap popping fun.,1
A filmmaker went to the United Nations and strapped 'em into virtual reality headsets. Here's why.,He's creating virtual reality films that he hopes can change the world. Literally.,1
What happens when you ask male action stars the questions female stars actually get? Comedy gold.,"Mark Ruffalo shares his complexion tips, for justice.",1
"A plastic bottle finds its way home, but its original owner is not so happy to see it.<br>","A plastic bottle finds its way home, along with a powerful message to recycle.<br>",1
A super-absorbent sponge and a leaf-inspired mesh could get the oil out of our environment for good,We can't stop oil spills yet. So we need to learn how to clean up after them.,1
The science of why the comment section on just about anything is so awful.,Every wondered why things go viral? It's all in your mind.,1
Recycling in the U.S. hasn't increased in decades. Technology to the rescue.,"A mountain of money goes into the trash when we don't recycle, but technology can help.",1
The science of why the comment section on just about anything is so awful.,Red-pill alert: Science explains why every comment section is always a rage-splosion.,1
They're in tears before his bionic eye is even turned on. His final reaction is priceless.,"A bionic eye for the blind? It's not a sci-fi flick, this is real life.",1
He was sued by a famous stuntman over his Kanye video. Not as impressive as what he's doing now.,A filmmaker is building 'the ultimate empathy machine' with amazing virtual reality films.,1
Ever wonder how companies sell clothes at unbelievably low prices? The truth isn't so pretty.,John Oliver's look at child labor in the fashion industry might have you rethinking your closet.,1
This researcher asked some surprising experts what's wrong with US schools. Here are their ideas.,This researcher asked kids what's wrong with US schools. Here are their ideas.,1
"Because he sued to be on his husband's death certificate, gay marriage could become legal everywhere","By honoring his late husband, he might wind up making gay marriage legal in every state.",1
The whole murdering elephants in Africa thing is becoming a problem. Billy Joel is here to solve it.,The endangered elephants of Africa have an unlikely hero. Billy Joel.,1
A 'food truck social enterprise' is a real thing. Delicious food + a bright future = win!,"Food trucks sell delicious food. And for some people, they offer a better future.",1
Can you do a quick thing to help nearly a million kids in Nepal to survive the earthquake aftermath?,"We're safely going about our day, but they're just trying to survive an earthquake. We can help.",1
What happens when the 'Science Guy' and the 'President Guy' sit down together? SCIENCE BRAINSTORM.,How do we make more kids fall in love with science? Bill Nye and President Obama discuss.,1
Bees are in serious trouble. Part of the answer couldn't be easier or more delightful.,Bees are facing big trouble. The answer is to plant flowers.,1
2 brilliant scientific inventions that could clean up oil spills for good,How scientists are finding creative ways to clean up oil spills,1
The epicenter of Nepal's earthquake is called the Kathmandu Valley. Let's fly there on Google Earth.,"Explore the the Kathmandu Valley, epicenter of Nepal's earthquake.",1
She wanted to help teens coming out of jail. Now she's knocking it out of the park.<br>,This food truck makes delicious meals from maple syrup *and* gives hope to former inmates.,1
"Some songs are bad for the earth, because they're being played on instruments ripped from nature.",A new term is being coined: Sustainable Musician — one who makes music without hurting the planet.,1
Ever wonder how recycling works? A glimpse behind the scenes at cool technology and big money.,Technology that sorts frogs from green beans offers help for recycling too.,1
"These girls are making such a difference in Ethiopia, even their elders look up to them.",Meet the 5 girls behind Ethiopia's first teen brand: Yegna. They are a huge hit.,1
"One by one, bystanders find themselves joining this powerful, peaceful protest in Baltimore.",Faith leaders of Baltimore band together in solidarity with peaceful protesters.,1
A 'Harry Potter' fan held up a brilliant sign in front of the Supreme Court today.,A 'Harry Potter' fan wants the Supreme Court to know that Dumbledore deserves equal rights.,1
"While Baltimore rioted, these gang members did what no one expected -- tried to keep the peace.","If you want to know how gangs are involved with the riots in Baltimore, just ask them.",1
Leave those rocks alone. They might be a hellbender's home.,"If you see a 2-foot-long salamander, you know you've found a healthy stream.",1
Many are blaming Baltimore teenagers for starting the riots. One teacher saw something else.,"It should be obvious, but confronting teenagers with bullets and riot gear is a terrible idea.",1
Moms aren't very visible in Egypt. Their sons won't even speak their names. Here's why.,Why an Arab man won't say his mom's name,1
Did you know that the light of stars can be turned into sounds? Here's what those sounds tell us.,Starlight can be transformed to tell us how big stars are.,1
Jason Mraz and other musicians are pleading with you to stop buying rare wood for your instruments.,The environment has an unlikely hero: guitars.<br>,1
"A group of Swedish cops on vacation 'handled' a situation on the New York subway. Take notes, NYPD.","2 men were fighting on the subway. Cops showed up. Luckily for them, it wasn't the 'real' police.",1
"When the cops couldn't calm the crowds in Baltimore, over 100 clergy members started marching.","As riots broke out across the city, this group of Baltimore clergy marched in peaceful protest.",1
"While Baltimore rioted, these gang members did what no one expected -- tried to keep the peace.","If you want to know how gangs are involved with the riots in Baltimore, just ask them.",1
A comedian's son put gas in the car alone. The enormity of that accomplishment brought him to tears.,Our kids' accomplishments can bring us to tears. D.L. Hughley shed several talking about his son.,1
"Two sweet moments between a father and daughter, with decades in between.",Millions of people provide care for older family members every day. This sweet clip shows just that.,1
"Plastic really is forever, you just might not recognize it when it appears on your plate.",Plastic is to disposable as peanut butter is to jelly. We might want to change that.,1
An adorable ad shows a father looking after his daughter. But those roles will change over time.,It's time for this daughter to look after her father. It's a sweet ad — with a serious point.,1
Watch a 10-year-old from the poorest slum in Kenya recite a poem straight from the heart,Why education is pivotal in changing the future of girls in Kenya,1
Jon Stewart has some strong opinions about news networks' coverage of Baltimore.,Jon Stewart has some strong opinions about journalists who covered a party instead of Baltimore.,1
Two guys from Belgium took this photo. It's the first of its kind.,This is the first-ever photo of a monkey many people thought was extinct.,1
She hated authority until she became boss. Here's how she treats her employees.,She runs 8 restaurants like it's no big deal because that's how she rolls.,1
"They spent 4 days in the swamp looking for a creature many thought extinct. On day 5, they found it.",They took a camera into the swamp forest to look for a super rare monkey. Here's what they found.,1
"Pope Francis speaks up about the gender pay gap, and thinks women should be paid the same as men.","Francis comes out against the gender pay gap, one again claiming the title of 'Cool Pope.'",1
"When heroin users overdose, their friends and family can keep them from dying. Here's how.",What if there was a very simple way to prevent most heroin overdoses? There is.,1
There's a big taboo in Egypt that it's not ok to speak your mother's name in public. Here's why.,An Egyptian taboo says it's not ok to say your mom's name in public. Is it time to change that?,1